main_category,main_link,sub_category,sub_category_id,sub_category_link
Animals & Pets,https://example.com/c/animals_pets,Animal Health,animal_health,https://www.trustpilot.com/_next/data/categoriespages-consumersite-2.718.0/categories/animal_health.json
Animals & Pets,https://example.com/c/animals_pets,Animal Parks & Zoo,animal_parks_zoo,https://www.trustpilot.com/_next/data/categoriespages-consumersite-2.718.0/categories/animal_parks_zoo.json
Animals & Pets,https://example.com/c/animals_pets,Cats & Dogs,cats_dogs,https://www.trustpilot.com/_next/data/categoriespages-consumersite-2.718.0/categories/cats_dogs.json
Animals & Pets,https://example.com/c/animals_pets,Horses & Riding,horses_riding,https://www.trustpilot.com/_next/data/categoriespages-consumersite-2.718.0/categories/horses_riding.json
Animals & Pets,https://example.com/c/animals_pets,Pet Services,pet_services,https://www.trustpilot.com/_next/data/categoriespages-consumersite-2.718.0/categories/pet_services.json
Animals & Pets,https://example.com/c/animals_pets,Pet Stores,pet_stores,https://www.trustpilot.com/_next/data/categoriespages-consumersite-2.718.0/categories/pet_stores.json
Beauty & Well-being,https://example.com/c/beauty_wellbeing,Cosmetics & Makeup,cosmetics_makeup,https://www.trustpilot.com/_next/data/categoriespages-consumersite-2.718.0/categories/cosmetics_makeup.json
Beauty & Well-being,https://example.com/c/beauty_wellbeing,Hair Care & Styling,hair_care_styling,https://www.trustpilot.com/_next/data/categoriespages-consumersite-2.718.0/categories/hair_care_styling.json
Beauty & Well-being,https://example.com/c/beauty_wellbeing,Personal Care,personal_care,https://www.trustpilot.com/_next/data/categoriespages-consumersite-2.718.0/categories/personal_care.json
Beauty & Well-being,https://example.com/c/beauty_wellbeing,Salons & Clinics,salons_clinics,https://www.trustpilot.com/_next/data/categoriespages-consumersite-2.718.0/categories/salons_clinics.json
Beauty & Well-being,https://example.com/c/beauty_wellbeing,Tattoos & Piercings,tattoos_piercings,https://www.trustpilot.com/_next/data/categoriespages-consumersite-2.718.0/categories/tattoos_piercings.json
Beauty & Well-being,https://example.com/c/beauty_wellbeing,Wellness & Spa,wellness_spa,https://www.trustpilot.com/_next/data/categoriespages-consumersite-2.718.0/categories/wellness_spa.json
Beauty & Well-being,https://example.com/c/beauty_wellbeing,Yoga & Meditation,yoga_meditation,https://www.trustpilot.com/_next/data/categoriespages-consumersite-2.718.0/categories/yoga_meditation.json
Business Services,https://example.com/c/business_services,Administration & Services,administration_services,https://www.trustpilot.com/_next/data/categoriespages-consumersite-2.718.0/categories/administration_services.json
Business Services,https://example.com/c/business_services,Associations & Centers,associations_centers,https://www.trustpilot.com/_next/data/categoriespages-consumersite-2.718.0/categories/associations_centers.json
Business Services,https://example.com/c/business_services,HR & Recruiting,hr_recruiting,https://www.trustpilot.com/_next/data/categoriespages-consumersite-2.718.0/categories/hr_recruiting.json
Business Services,https://example.com/c/business_services,Import & Export,import_export,https://www.trustpilot.com/_next/data/categoriespages-consumersite-2.718.0/categories/import_export.json
Business Services,https://example.com/c/business_services,IT & Communication,it_communication,https://www.trustpilot.com/_next/data/categoriespages-consumersite-2.718.0/categories/it_communication.json
Business Services,https://example.com/c/business_services,Office Space & Supplies,office_space_supplies,https://www.trustpilot.com/_next/data/categoriespages-consumersite-2.718.0/categories/office_space_supplies.json
Business Services,https://example.com/c/business_services,Print & Graphic Design,print_graphic_design,https://www.trustpilot.com/_next/data/categoriespages-consumersite-2.718.0/categories/print_graphic_design.json
Business Services,https://example.com/c/business_services,Research & Development,research_development,https://www.trustpilot.com/_next/data/categoriespages-consumersite-2.718.0/categories/research_development.json
Business Services,https://example.com/c/business_services,Sales & Marketing,sales_marketing,https://www.trustpilot.com/_next/data/categoriespages-consumersite-2.718.0/categories/sales_marketing.json
Business Services,https://example.com/c/business_services,Shipping & Logistics,shipping_logistics,https://www.trustpilot.com/_next/data/categoriespages-consumersite-2.718.0/categories/shipping_logistics.json
Business Services,https://example.com/c/business_services,Wholesale,wholesale,https://www.trustpilot.com/_next/data/categoriespages-consumersite-2.718.0/categories/wholesale.json
Construction & Manufacturing,https://example.com/c/construction_manufactoring,Architects & Engineers,architects_engineers,https://www.trustpilot.com/_next/data/categoriespages-consumersite-2.718.0/categories/architects_engineers.json
Construction & Manufacturing,https://example.com/c/construction_manufactoring,Building Materials,building_materials,https://www.trustpilot.com/_next/data/categoriespages-consumersite-2.718.0/categories/building_materials.json
Construction & Manufacturing,https://example.com/c/construction_manufactoring,Chemicals & Plastic,chemicals_plastic,https://www.trustpilot.com/_next/data/categoriespages-consumersite-2.718.0/categories/chemicals_plastic.json
Construction & Manufacturing,https://example.com/c/construction_manufactoring,Construction Services,construction_services,https://www.trustpilot.com/_next/data/categoriespages-consumersite-2.718.0/categories/construction_services.json
Construction & Manufacturing,https://example.com/c/construction_manufactoring,Contractors & Consultants,contractors_consultants,https://www.trustpilot.com/_next/data/categoriespages-consumersite-2.718.0/categories/contractors_consultants.json
Construction & Manufacturing,https://example.com/c/construction_manufactoring,Factory Equipment,factory_equipment,https://www.trustpilot.com/_next/data/categoriespages-consumersite-2.718.0/categories/factory_equipment.json
Construction & Manufacturing,https://example.com/c/construction_manufactoring,Garden & Landscaping,garden_landscaping,https://www.trustpilot.com/_next/data/categoriespages-consumersite-2.718.0/categories/garden_landscaping.json
Construction & Manufacturing,https://example.com/c/construction_manufactoring,Industrial Supplies,industrial_supplies,https://www.trustpilot.com/_next/data/categoriespages-consumersite-2.718.0/categories/industrial_supplies.json
Construction & Manufacturing,https://example.com/c/construction_manufactoring,Manufacturing,manufacturing,https://www.trustpilot.com/_next/data/categoriespages-consumersite-2.718.0/categories/manufacturing.json
Construction & Manufacturing,https://example.com/c/construction_manufactoring,Production Services,production_services,https://www.trustpilot.com/_next/data/categoriespages-consumersite-2.718.0/categories/production_services.json
Construction & Manufacturing,https://example.com/c/construction_manufactoring,Tools & Equipment,tools_equipment,https://www.trustpilot.com/_next/data/categoriespages-consumersite-2.718.0/categories/tools_equipment.json
Education & Training,https://example.com/c/education_training,Colleges & Universities,colleges_universities,https://www.trustpilot.com/_next/data/categoriespages-consumersite-2.718.0/categories/colleges_universities.json
Education & Training,https://example.com/c/education_training,Courses & Classes,courses_classes,https://www.trustpilot.com/_next/data/categoriespages-consumersite-2.718.0/categories/courses_classes.json
Education & Training,https://example.com/c/education_training,Education Services,education_services,https://www.trustpilot.com/_next/data/categoriespages-consumersite-2.718.0/categories/education_services.json
Education & Training,https://example.com/c/education_training,Language Learning,language_learning,https://www.trustpilot.com/_next/data/categoriespages-consumersite-2.718.0/categories/language_learning.json
Education & Training,https://example.com/c/education_training,Music & Theater Classes,music_theater_classes,https://www.trustpilot.com/_next/data/categoriespages-consumersite-2.718.0/categories/music_theater_classes.json
Education & Training,https://example.com/c/education_training,School & High School,school_high_school,https://www.trustpilot.com/_next/data/categoriespages-consumersite-2.718.0/categories/school_high_school.json
Education & Training,https://example.com/c/education_training,Specials Schools,specials_schools,https://www.trustpilot.com/_next/data/categoriespages-consumersite-2.718.0/categories/specials_schools.json
Education & Training,https://example.com/c/education_training,Vocational Training,vocational_training,https://www.trustpilot.com/_next/data/categoriespages-consumersite-2.718.0/categories/vocational_training.json
Electronics & Technology,https://example.com/c/electronics_technology,Appliances & Electronics,appliances_electronics,https://www.trustpilot.com/_next/data/categoriespages-consumersite-2.718.0/categories/appliances_electronics.json
Electronics & Technology,https://example.com/c/electronics_technology,Audio & Visual,audio_visual,https://www.trustpilot.com/_next/data/categoriespages-consumersite-2.718.0/categories/audio_visual.json
Electronics & Technology,https://example.com/c/electronics_technology,Computers & Phones,computers_phones,https://www.trustpilot.com/_next/data/categoriespages-consumersite-2.718.0/categories/computers_phones.json
Electronics & Technology,https://example.com/c/electronics_technology,Internet & Software,internet_software,https://www.trustpilot.com/_next/data/categoriespages-consumersite-2.718.0/categories/internet_software.json
Electronics & Technology,https://example.com/c/electronics_technology,Repair & Services,repair_services,https://www.trustpilot.com/_next/data/categoriespages-consumersite-2.718.0/categories/repair_services.json
Events & Entertainment,https://example.com/c/events_entertainment,Adult Entertainment,adult_entertainment,https://www.trustpilot.com/_next/data/categoriespages-consumersite-2.718.0/categories/adult_entertainment.json
Events & Entertainment,https://example.com/c/events_entertainment,Children's Entertainment,childrens_entertainment,https://www.trustpilot.com/_next/data/categoriespages-consumersite-2.718.0/categories/childrens_entertainment.json
Events & Entertainment,https://example.com/c/events_entertainment,Clubbing & Nightlife,clubbing_nightlife,https://www.trustpilot.com/_next/data/categoriespages-consumersite-2.718.0/categories/clubbing_nightlife.json
Events & Entertainment,https://example.com/c/events_entertainment,Events & Venues,events_venues,https://www.trustpilot.com/_next/data/categoriespages-consumersite-2.718.0/categories/events_venues.json
Events & Entertainment,https://example.com/c/events_entertainment,Gambling,gambling,https://www.trustpilot.com/_next/data/categoriespages-consumersite-2.718.0/categories/gambling.json
Events & Entertainment,https://example.com/c/events_entertainment,Gaming,gaming,https://www.trustpilot.com/_next/data/categoriespages-consumersite-2.718.0/categories/gaming.json
Events & Entertainment,https://example.com/c/events_entertainment,Museums & Exhibits,museums_exibits,https://www.trustpilot.com/_next/data/categoriespages-consumersite-2.718.0/categories/museums_exibits.json
Events & Entertainment,https://example.com/c/events_entertainment,Music & Movies,music_movies,https://www.trustpilot.com/_next/data/categoriespages-consumersite-2.718.0/categories/music_movies.json
Events & Entertainment,https://example.com/c/events_entertainment,Theater & Opera,theater_opera,https://www.trustpilot.com/_next/data/categoriespages-consumersite-2.718.0/categories/theater_opera.json
Events & Entertainment,https://example.com/c/events_entertainment,Wedding & Party,wedding_party,https://www.trustpilot.com/_next/data/categoriespages-consumersite-2.718.0/categories/wedding_party.json
"Food, Beverages & Tobacco",https://example.com/c/food_beverages_tobacco,Agriculture & Produce,agriculture_produce,https://www.trustpilot.com/_next/data/categoriespages-consumersite-2.718.0/categories/agriculture_produce.json
"Food, Beverages & Tobacco",https://example.com/c/food_beverages_tobacco,Asian Grocery Stores,asian_grocery_stores,https://www.trustpilot.com/_next/data/categoriespages-consumersite-2.718.0/categories/asian_grocery_stores.json
"Food, Beverages & Tobacco",https://example.com/c/food_beverages_tobacco,Bakery & Pastry,bakery_pastry,https://www.trustpilot.com/_next/data/categoriespages-consumersite-2.718.0/categories/bakery_pastry.json
"Food, Beverages & Tobacco",https://example.com/c/food_beverages_tobacco,Beer & Wine,beer_wine,https://www.trustpilot.com/_next/data/categoriespages-consumersite-2.718.0/categories/beer_wine.json
"Food, Beverages & Tobacco",https://example.com/c/food_beverages_tobacco,Beverages & Liquor,beverages_liquor,https://www.trustpilot.com/_next/data/categoriespages-consumersite-2.718.0/categories/beverages_liquor.json
"Food, Beverages & Tobacco",https://example.com/c/food_beverages_tobacco,Candy & Chocolate,candy_chocolate,https://www.trustpilot.com/_next/data/categoriespages-consumersite-2.718.0/categories/candy_chocolate.json
"Food, Beverages & Tobacco",https://example.com/c/food_beverages_tobacco,Coffee & Tea,coffee_tea,https://www.trustpilot.com/_next/data/categoriespages-consumersite-2.718.0/categories/coffee_tea.json
"Food, Beverages & Tobacco",https://example.com/c/food_beverages_tobacco,Food Production,food_production,https://www.trustpilot.com/_next/data/categoriespages-consumersite-2.718.0/categories/food_production.json
"Food, Beverages & Tobacco",https://example.com/c/food_beverages_tobacco,Fruits & Vegetables,fruits_vegetables,https://www.trustpilot.com/_next/data/categoriespages-consumersite-2.718.0/categories/fruits_vegetables.json
"Food, Beverages & Tobacco",https://example.com/c/food_beverages_tobacco,Grocery Stores & Markets,grocery_stores_markets,https://www.trustpilot.com/_next/data/categoriespages-consumersite-2.718.0/categories/grocery_stores_markets.json
"Food, Beverages & Tobacco",https://example.com/c/food_beverages_tobacco,Lunch & Catering,lunch_catering,https://www.trustpilot.com/_next/data/categoriespages-consumersite-2.718.0/categories/lunch_catering.json
"Food, Beverages & Tobacco",https://example.com/c/food_beverages_tobacco,"Meat, Seafood & Eggs",meat_seafood_eggs,https://www.trustpilot.com/_next/data/categoriespages-consumersite-2.718.0/categories/meat_seafood_eggs.json
"Food, Beverages & Tobacco",https://example.com/c/food_beverages_tobacco,Smoking & Tobacco,smoking_tobacco,https://www.trustpilot.com/_next/data/categoriespages-consumersite-2.718.0/categories/smoking_tobacco.json
Health & Medical,https://example.com/c/health_medical,Clinics,clinics,https://www.trustpilot.com/_next/data/categoriespages-consumersite-2.718.0/categories/clinics.json
Health & Medical,https://example.com/c/health_medical,Dental Services,dental_services,https://www.trustpilot.com/_next/data/categoriespages-consumersite-2.718.0/categories/dental_services.json
Health & Medical,https://example.com/c/health_medical,Diagnostics & Testing,diagnostics_testing,https://www.trustpilot.com/_next/data/categoriespages-consumersite-2.718.0/categories/diagnostics_testing.json
Health & Medical,https://example.com/c/health_medical,Doctors & Surgeons,doctors_surgeons,https://www.trustpilot.com/_next/data/categoriespages-consumersite-2.718.0/categories/doctors_surgeons.json
Health & Medical,https://example.com/c/health_medical,Health Equipment,health_equipment,https://www.trustpilot.com/_next/data/categoriespages-consumersite-2.718.0/categories/health_equipment.json
Health & Medical,https://example.com/c/health_medical,Hospital & Emergency,hospital_emergency,https://www.trustpilot.com/_next/data/categoriespages-consumersite-2.718.0/categories/hospital_emergency.json
Health & Medical,https://example.com/c/health_medical,Medical Specialists,medical_specialists,https://www.trustpilot.com/_next/data/categoriespages-consumersite-2.718.0/categories/medical_specialists.json
Health & Medical,https://example.com/c/health_medical,Mental Health,mental_health,https://www.trustpilot.com/_next/data/categoriespages-consumersite-2.718.0/categories/mental_health.json
Health & Medical,https://example.com/c/health_medical,Pharmacy & Medicine,pharmacy_medicine,https://www.trustpilot.com/_next/data/categoriespages-consumersite-2.718.0/categories/pharmacy_medicine.json
Health & Medical,https://example.com/c/health_medical,Physical Aids,physical_aids,https://www.trustpilot.com/_next/data/categoriespages-consumersite-2.718.0/categories/physical_aids.json
Health & Medical,https://example.com/c/health_medical,Pregnancy & Children,pregnancy_children,https://www.trustpilot.com/_next/data/categoriespages-consumersite-2.718.0/categories/pregnancy_children.json
Health & Medical,https://example.com/c/health_medical,Therapy & Senior Health,therapy_senior_health,https://www.trustpilot.com/_next/data/categoriespages-consumersite-2.718.0/categories/therapy_senior_health.json
Health & Medical,https://example.com/c/health_medical,Vision & Hearing,vision_hearing,https://www.trustpilot.com/_next/data/categoriespages-consumersite-2.718.0/categories/vision_hearing.json
Hobbies & Crafts,https://example.com/c/hobbies_crafts,Art & Handicraft,art_handicraft,https://www.trustpilot.com/_next/data/categoriespages-consumersite-2.718.0/categories/art_handicraft.json
Hobbies & Crafts,https://example.com/c/hobbies_crafts,Astrology & Numerology,astrology_numerology,https://www.trustpilot.com/_next/data/categoriespages-consumersite-2.718.0/categories/astrology_numerology.json
Hobbies & Crafts,https://example.com/c/hobbies_crafts,Fishing & Hunting,fishing_hunting,https://www.trustpilot.com/_next/data/categoriespages-consumersite-2.718.0/categories/fishing_hunting.json
Hobbies & Crafts,https://example.com/c/hobbies_crafts,Hobbies,hobbies,https://www.trustpilot.com/_next/data/categoriespages-consumersite-2.718.0/categories/hobbies.json
Hobbies & Crafts,https://example.com/c/hobbies_crafts,"Metal, Stone & Glass Work",metal_stone_glass_work,https://www.trustpilot.com/_next/data/categoriespages-consumersite-2.718.0/categories/metal_stone_glass_work.json
Hobbies & Crafts,https://example.com/c/hobbies_crafts,Music & Instruments,music_instruments,https://www.trustpilot.com/_next/data/categoriespages-consumersite-2.718.0/categories/music_instruments.json
Hobbies & Crafts,https://example.com/c/hobbies_crafts,Needlework & Knitting,needlework_knitting,https://www.trustpilot.com/_next/data/categoriespages-consumersite-2.718.0/categories/needlework_knitting.json
Hobbies & Crafts,https://example.com/c/hobbies_crafts,Outdoor Activities,outdoor_activities,https://www.trustpilot.com/_next/data/categoriespages-consumersite-2.718.0/categories/outdoor_activities.json
Hobbies & Crafts,https://example.com/c/hobbies_crafts,Painting & Paper,painting_paper,https://www.trustpilot.com/_next/data/categoriespages-consumersite-2.718.0/categories/painting_paper.json
Home & Garden,https://example.com/c/home_garden,Bathroom & Kitchen,bathroom_kitchen,https://www.trustpilot.com/_next/data/categoriespages-consumersite-2.718.0/categories/bathroom_kitchen.json
Home & Garden,https://example.com/c/home_garden,Cultural Goods,cultural_goods,https://www.trustpilot.com/_next/data/categoriespages-consumersite-2.718.0/categories/cultural_goods.json
Home & Garden,https://example.com/c/home_garden,Decoration & Interior,decoration_interior,https://www.trustpilot.com/_next/data/categoriespages-consumersite-2.718.0/categories/decoration_interior.json
Home & Garden,https://example.com/c/home_garden,Energy & Heating,energy_heating,https://www.trustpilot.com/_next/data/categoriespages-consumersite-2.718.0/categories/energy_heating.json
Home & Garden,https://example.com/c/home_garden,Fabric & Stationery,fabric_stationary,https://www.trustpilot.com/_next/data/categoriespages-consumersite-2.718.0/categories/fabric_stationary.json
Home & Garden,https://example.com/c/home_garden,Furniture Stores,furniture_stores,https://www.trustpilot.com/_next/data/categoriespages-consumersite-2.718.0/categories/furniture_stores.json
Home & Garden,https://example.com/c/home_garden,Garden & Pond,garden_pond,https://www.trustpilot.com/_next/data/categoriespages-consumersite-2.718.0/categories/garden_pond.json
Home & Garden,https://example.com/c/home_garden,Home & Garden Services,home_garden_services,https://www.trustpilot.com/_next/data/categoriespages-consumersite-2.718.0/categories/home_garden_services.json
Home & Garden,https://example.com/c/home_garden,Home Goods Stores,home_goods_stores,https://www.trustpilot.com/_next/data/categoriespages-consumersite-2.718.0/categories/home_goods_stores.json
Home & Garden,https://example.com/c/home_garden,Home Improvements,home_improvements,https://www.trustpilot.com/_next/data/categoriespages-consumersite-2.718.0/categories/home_improvements.json
Home Services,https://example.com/c/home_services,Cleaning Service Providers,cleaning_service_providers,https://www.trustpilot.com/_next/data/categoriespages-consumersite-2.718.0/categories/cleaning_service_providers.json
Home Services,https://example.com/c/home_services,Craftsman,craftsman,https://www.trustpilot.com/_next/data/categoriespages-consumersite-2.718.0/categories/craftsman.json
Home Services,https://example.com/c/home_services,House Services,house_services,https://www.trustpilot.com/_next/data/categoriespages-consumersite-2.718.0/categories/house_services.json
Home Services,https://example.com/c/home_services,House Sitting & Security,house_sitting_security,https://www.trustpilot.com/_next/data/categoriespages-consumersite-2.718.0/categories/house_sitting_security.json
Home Services,https://example.com/c/home_services,Moving & Storage,moving_storage,https://www.trustpilot.com/_next/data/categoriespages-consumersite-2.718.0/categories/moving_storage.json
Home Services,https://example.com/c/home_services,Plumbing & Sanitation,plumbing_sanitation,https://www.trustpilot.com/_next/data/categoriespages-consumersite-2.718.0/categories/plumbing_sanitation.json
Home Services,https://example.com/c/home_services,Repair Service Providers,repair_service_providers,https://www.trustpilot.com/_next/data/categoriespages-consumersite-2.718.0/categories/repair_service_providers.json
Legal Services & Government,https://example.com/c/legal_services_government,Customs & Toll,customs_toll,https://www.trustpilot.com/_next/data/categoriespages-consumersite-2.718.0/categories/customs_toll.json
Legal Services & Government,https://example.com/c/legal_services_government,Government Department,government_department,https://www.trustpilot.com/_next/data/categoriespages-consumersite-2.718.0/categories/government_department.json
Legal Services & Government,https://example.com/c/legal_services_government,Law Enforcement,law_enforcement,https://www.trustpilot.com/_next/data/categoriespages-consumersite-2.718.0/categories/law_enforcement.json
Legal Services & Government,https://example.com/c/legal_services_government,Lawyers & Attorneys,lawyers_attorneys,https://www.trustpilot.com/_next/data/categoriespages-consumersite-2.718.0/categories/lawyers_attorneys.json
Legal Services & Government,https://example.com/c/legal_services_government,Legal Service Providers,legal_service_providers,https://www.trustpilot.com/_next/data/categoriespages-consumersite-2.718.0/categories/legal_service_providers.json
Legal Services & Government,https://example.com/c/legal_services_government,Libraries & Archives,libraries_archives,https://www.trustpilot.com/_next/data/categoriespages-consumersite-2.718.0/categories/libraries_archives.json
Legal Services & Government,https://example.com/c/legal_services_government,Municipal Department,municipal_department,https://www.trustpilot.com/_next/data/categoriespages-consumersite-2.718.0/categories/municipal_department.json
Legal Services & Government,https://example.com/c/legal_services_government,Registration Services,registration_services,https://www.trustpilot.com/_next/data/categoriespages-consumersite-2.718.0/categories/registration_services.json
Media & Publishing,https://example.com/c/media_publishing,Books & Magazines,books_magazines,https://www.trustpilot.com/_next/data/categoriespages-consumersite-2.718.0/categories/books_magazines.json
Media & Publishing,https://example.com/c/media_publishing,Media & Information,media_information,https://www.trustpilot.com/_next/data/categoriespages-consumersite-2.718.0/categories/media_information.json
Media & Publishing,https://example.com/c/media_publishing,Photography,photography,https://www.trustpilot.com/_next/data/categoriespages-consumersite-2.718.0/categories/photography.json
Media & Publishing,https://example.com/c/media_publishing,Video & Sound,video_sound,https://www.trustpilot.com/_next/data/categoriespages-consumersite-2.718.0/categories/video_sound.json
Money & Insurance,https://example.com/c/money_insurance,Accounting & Tax,accounting_tax,https://www.trustpilot.com/_next/data/categoriespages-consumersite-2.718.0/categories/accounting_tax.json
Money & Insurance,https://example.com/c/money_insurance,Banking & Money,banking_money,https://www.trustpilot.com/_next/data/categoriespages-consumersite-2.718.0/categories/banking_money.json
Money & Insurance,https://example.com/c/money_insurance,Credit & Debt Services,credit_debt_services,https://www.trustpilot.com/_next/data/categoriespages-consumersite-2.718.0/categories/credit_debt_services.json
Money & Insurance,https://example.com/c/money_insurance,Insurance,insurance,https://www.trustpilot.com/_next/data/categoriespages-consumersite-2.718.0/categories/insurance.json
Money & Insurance,https://example.com/c/money_insurance,Investments & Wealth,investments_wealth,https://www.trustpilot.com/_next/data/categoriespages-consumersite-2.718.0/categories/investments_wealth.json
Money & Insurance,https://example.com/c/money_insurance,Real Estate,real_estate,https://www.trustpilot.com/_next/data/categoriespages-consumersite-2.718.0/categories/real_estate.json
Public & Local Services,https://example.com/c/public_local_services,Employment & Career,employment_career,https://www.trustpilot.com/_next/data/categoriespages-consumersite-2.718.0/categories/employment_career.json
Public & Local Services,https://example.com/c/public_local_services,Funeral & Memorial,funeral_memorial,https://www.trustpilot.com/_next/data/categoriespages-consumersite-2.718.0/categories/funeral_memorial.json
Public & Local Services,https://example.com/c/public_local_services,Housing Associations,housing_associations,https://www.trustpilot.com/_next/data/categoriespages-consumersite-2.718.0/categories/housing_associations.json
Public & Local Services,https://example.com/c/public_local_services,Kids & Family,kids_family,https://www.trustpilot.com/_next/data/categoriespages-consumersite-2.718.0/categories/kids_family.json
Public & Local Services,https://example.com/c/public_local_services,Military & Veteran,military_veteran,https://www.trustpilot.com/_next/data/categoriespages-consumersite-2.718.0/categories/military_veteran.json
Public & Local Services,https://example.com/c/public_local_services,Nature & Environment,nature_environment,https://www.trustpilot.com/_next/data/categoriespages-consumersite-2.718.0/categories/nature_environment.json
Public & Local Services,https://example.com/c/public_local_services,Professional Organizations,professional_organizations,https://www.trustpilot.com/_next/data/categoriespages-consumersite-2.718.0/categories/professional_organizations.json
Public & Local Services,https://example.com/c/public_local_services,Public Services & Welfare,public_services_welfare,https://www.trustpilot.com/_next/data/categoriespages-consumersite-2.718.0/categories/public_services_welfare.json
Public & Local Services,https://example.com/c/public_local_services,Religious Institutions,religious_institutions,https://www.trustpilot.com/_next/data/categoriespages-consumersite-2.718.0/categories/religious_institutions.json
Public & Local Services,https://example.com/c/public_local_services,Shelters & Homes,shelters_homes,https://www.trustpilot.com/_next/data/categoriespages-consumersite-2.718.0/categories/shelters_homes.json
Public & Local Services,https://example.com/c/public_local_services,Waste Management,waste_management,https://www.trustpilot.com/_next/data/categoriespages-consumersite-2.718.0/categories/waste_management.json
Restaurants & Bars,https://example.com/c/restaurants_bars,African & Pacific Cuisine,african_pacific_cuisine,https://www.trustpilot.com/_next/data/categoriespages-consumersite-2.718.0/categories/african_pacific_cuisine.json
Restaurants & Bars,https://example.com/c/restaurants_bars,Bars & Cafes,bars_cafes,https://www.trustpilot.com/_next/data/categoriespages-consumersite-2.718.0/categories/bars_cafes.json
Restaurants & Bars,https://example.com/c/restaurants_bars,Chinese & Korean Cuisine,chinese_korean_cuisine,https://www.trustpilot.com/_next/data/categoriespages-consumersite-2.718.0/categories/chinese_korean_cuisine.json
Restaurants & Bars,https://example.com/c/restaurants_bars,European Cuisine,european_cuisine,https://www.trustpilot.com/_next/data/categoriespages-consumersite-2.718.0/categories/european_cuisine.json
Restaurants & Bars,https://example.com/c/restaurants_bars,General Restaurants,general_restaurants,https://www.trustpilot.com/_next/data/categoriespages-consumersite-2.718.0/categories/general_restaurants.json
Restaurants & Bars,https://example.com/c/restaurants_bars,Japanese Cuisine,japanese_cuisine,https://www.trustpilot.com/_next/data/categoriespages-consumersite-2.718.0/categories/japanese_cuisine.json
Restaurants & Bars,https://example.com/c/restaurants_bars,Mediterranean Cuisine,mediterranean_cuisine,https://www.trustpilot.com/_next/data/categoriespages-consumersite-2.718.0/categories/mediterranean_cuisine.json
Restaurants & Bars,https://example.com/c/restaurants_bars,Middle Eastern Cuisine,middle_eastern_cuisine,https://www.trustpilot.com/_next/data/categoriespages-consumersite-2.718.0/categories/middle_eastern_cuisine.json
Restaurants & Bars,https://example.com/c/restaurants_bars,North & South American Cuisine,north_south_american_cuisine,https://www.trustpilot.com/_next/data/categoriespages-consumersite-2.718.0/categories/north_south_american_cuisine.json
Restaurants & Bars,https://example.com/c/restaurants_bars,Southeast Asian Cuisine,southeast_asian_cuisine,https://www.trustpilot.com/_next/data/categoriespages-consumersite-2.718.0/categories/southeast_asian_cuisine.json
Restaurants & Bars,https://example.com/c/restaurants_bars,Takeaway,takeaway,https://www.trustpilot.com/_next/data/categoriespages-consumersite-2.718.0/categories/takeaway.json
Restaurants & Bars,https://example.com/c/restaurants_bars,Vegetarian & Diet,vegetarian_diet,https://www.trustpilot.com/_next/data/categoriespages-consumersite-2.718.0/categories/vegetarian_diet.json
Shopping & Fashion,https://example.com/c/shopping_fashion,Accessories,accessories,https://www.trustpilot.com/_next/data/categoriespages-consumersite-2.718.0/categories/accessories.json
Shopping & Fashion,https://example.com/c/shopping_fashion,Clothing & Underwear,clothing_underwear,https://www.trustpilot.com/_next/data/categoriespages-consumersite-2.718.0/categories/clothing_underwear.json
Shopping & Fashion,https://example.com/c/shopping_fashion,Clothing Rental & Repair,clothing_rental_repair,https://www.trustpilot.com/_next/data/categoriespages-consumersite-2.718.0/categories/clothing_rental_repair.json
Shopping & Fashion,https://example.com/c/shopping_fashion,Costume & Wedding,costume_wedding,https://www.trustpilot.com/_next/data/categoriespages-consumersite-2.718.0/categories/costume_wedding.json
Shopping & Fashion,https://example.com/c/shopping_fashion,Jewelry & Watches,jewelry_watches,https://www.trustpilot.com/_next/data/categoriespages-consumersite-2.718.0/categories/jewelry_watches.json
Shopping & Fashion,https://example.com/c/shopping_fashion,Malls & Marketplaces,malls_marketplaces,https://www.trustpilot.com/_next/data/categoriespages-consumersite-2.718.0/categories/malls_marketplaces.json
Sports,https://example.com/c/sports,Ball Games,ball_games,https://www.trustpilot.com/_next/data/categoriespages-consumersite-2.718.0/categories/ball_games.json
Sports,https://example.com/c/sports,Bat-and-ball Games,bat-and-ball_games,https://www.trustpilot.com/_next/data/categoriespages-consumersite-2.718.0/categories/bat-and-ball_games.json
Sports,https://example.com/c/sports,Bowls & Lawn Sports,bowls_lawn_sports,https://www.trustpilot.com/_next/data/categoriespages-consumersite-2.718.0/categories/bowls_lawn_sports.json
Sports,https://example.com/c/sports,Dancing & Gymnastics,dancing_gymnastics,https://www.trustpilot.com/_next/data/categoriespages-consumersite-2.718.0/categories/dancing_gymnastics.json
Sports,https://example.com/c/sports,Equipment & Associations,equipment_associations,https://www.trustpilot.com/_next/data/categoriespages-consumersite-2.718.0/categories/equipment_associations.json
Sports,https://example.com/c/sports,Extreme Sports,extreme_sports,https://www.trustpilot.com/_next/data/categoriespages-consumersite-2.718.0/categories/extreme_sports.json
Sports,https://example.com/c/sports,Fitness & Weight Lifting,fitness_weight_lifting,https://www.trustpilot.com/_next/data/categoriespages-consumersite-2.718.0/categories/fitness_weight_lifting.json
Sports,https://example.com/c/sports,Golf & Ultimate,golf_ultimate,https://www.trustpilot.com/_next/data/categoriespages-consumersite-2.718.0/categories/golf_ultimate.json
Sports,https://example.com/c/sports,Hockey & Ice Skating,hockey_ice_skating,https://www.trustpilot.com/_next/data/categoriespages-consumersite-2.718.0/categories/hockey_ice_skating.json
Sports,https://example.com/c/sports,Martial arts & Wrestling,martial_arts_wrestling,https://www.trustpilot.com/_next/data/categoriespages-consumersite-2.718.0/categories/martial_arts_wrestling.json
Sports,https://example.com/c/sports,Outdoor & Winter Sports,outdoor_winter_sports,https://www.trustpilot.com/_next/data/categoriespages-consumersite-2.718.0/categories/outdoor_winter_sports.json
Sports,https://example.com/c/sports,Shooting & Target Sports,shooting_target_sports,https://www.trustpilot.com/_next/data/categoriespages-consumersite-2.718.0/categories/shooting_target_sports.json
Sports,https://example.com/c/sports,Swimming & Water Sports,swimming_water_sports,https://www.trustpilot.com/_next/data/categoriespages-consumersite-2.718.0/categories/swimming_water_sports.json
Sports,https://example.com/c/sports,Tennis & Racquet Sports,tennis_racquet_sports,https://www.trustpilot.com/_next/data/categoriespages-consumersite-2.718.0/categories/tennis_racquet_sports.json
Travel & Vacation,https://example.com/c/travel_vacation,Accommodation & Lodging,accomodations_lodging,https://www.trustpilot.com/_next/data/categoriespages-consumersite-2.718.0/categories/accomodations_lodging.json
Travel & Vacation,https://example.com/c/travel_vacation,Activities & Tours,activities_tours,https://www.trustpilot.com/_next/data/categoriespages-consumersite-2.718.0/categories/activities_tours.json
Travel & Vacation,https://example.com/c/travel_vacation,Airlines & Air Travel,airlines_air_travel,https://www.trustpilot.com/_next/data/categoriespages-consumersite-2.718.0/categories/airlines_air_travel.json
Travel & Vacation,https://example.com/c/travel_vacation,Hotels,hotels,https://www.trustpilot.com/_next/data/categoriespages-consumersite-2.718.0/categories/hotels.json
Travel & Vacation,https://example.com/c/travel_vacation,Travel Agencies,travel_agencies,https://www.trustpilot.com/_next/data/categoriespages-consumersite-2.718.0/categories/travel_agencies.json
Utilities,https://example.com/c/utilities,Energy & Power,energy_power,https://www.trustpilot.com/_next/data/categoriespages-consumersite-2.718.0/categories/energy_power.json
Utilities,https://example.com/c/utilities,Oil & Fuel,oil_fuel,https://www.trustpilot.com/_next/data/categoriespages-consumersite-2.718.0/categories/oil_fuel.json
Utilities,https://example.com/c/utilities,Water Utilities,water_utilities,https://www.trustpilot.com/_next/data/categoriespages-consumersite-2.718.0/categories/water_utilities.json
Vehicles & Transportation,https://example.com/c/vehicles_transportation,Air & Water Transport,air_water_transport,https://www.trustpilot.com/_next/data/categoriespages-consumersite-2.718.0/categories/air_water_transport.json
Vehicles & Transportation,https://example.com/c/vehicles_transportation,Airports & Parking,airports_parking,https://www.trustpilot.com/_next/data/categoriespages-consumersite-2.718.0/categories/airports_parking.json
Vehicles & Transportation,https://example.com/c/vehicles_transportation,Auto Parts & Wheels,auto_parts_wheels,https://www.trustpilot.com/_next/data/categoriespages-consumersite-2.718.0/categories/auto_parts_wheels.json
Vehicles & Transportation,https://example.com/c/vehicles_transportation,Bicycles,bicycles,https://www.trustpilot.com/_next/data/categoriespages-consumersite-2.718.0/categories/bicycles.json
Vehicles & Transportation,https://example.com/c/vehicles_transportation,Cars & Trucks,cars_trucks,https://www.trustpilot.com/_next/data/categoriespages-consumersite-2.718.0/categories/cars_trucks.json
Vehicles & Transportation,https://example.com/c/vehicles_transportation,Motorcycle & Powersports,motorcycle_powersports,https://www.trustpilot.com/_next/data/categoriespages-consumersite-2.718.0/categories/motorcycle_powersports.json
Vehicles & Transportation,https://example.com/c/vehicles_transportation,Other Vehicles & Trailers,other_vehicles_trailers,https://www.trustpilot.com/_next/data/categoriespages-consumersite-2.718.0/categories/other_vehicles_trailers.json
Vehicles & Transportation,https://example.com/c/vehicles_transportation,Taxis & Public Transport,taxis_public_transport,https://www.trustpilot.com/_next/data/categoriespages-consumersite-2.718.0/categories/taxis_public_transport.json
Vehicles & Transportation,https://example.com/c/vehicles_transportation,Vehicle Rental,vehical_rental,https://www.trustpilot.com/_next/data/categoriespages-consumersite-2.718.0/categories/vehical_rental.json
Vehicles & Transportation,https://example.com/c/vehicles_transportation,Vehicle Repair & Fuel,vehicle_repair_fuel,https://www.trustpilot.com/_next/data/categoriespages-consumersite-2.718.0/categories/vehicle_repair_fuel.json
