main_category,sub_category,businessName,reviewPageName,stars,trustScore,numberOfReviews,logoUrl,address,city,zipCode,country,website,email,phone,category_data
Animals & Pets,Animal Health,Bluegrass Hemp Oil,bluegrasshempoil.com,5,4.9,1337,//s3-eu-west-1.amazonaws.com/tpd/screenshotlogo-domain/615340c7302c6b001de865ce/198x149.png,190 Lexington Green Circle,Lexington,40503,United States,https://bluegrasshempoil.com/,info@bluegrasshempoil.com,(859) 963-3550,"{'category_1_name': 'Health and Beauty Shop', 'category_2_name': 'Animal Hospital', 'category_3_name': 'Cannabis store', 'category_4_name': 'Natural Foods Store', 'category_5_name': 'Vitamin and Supplements Store', 'category_6_name': 'Homeopath'}"
Animals & Pets,Animal Health,Vetpetni,vetpetni.co.uk,5,4.8,2433,//s3-eu-west-1.amazonaws.com/tpd/screenshots/5da0abed5cd86d000153ccbd/198x149.png,,,,United States,http://vetpetni.co.uk,,,"{'category_1_name': 'Pet Store', 'category_2_name': 'Animal Feed Store', 'category_3_name': 'Pet Supply Store', 'category_4_name': 'Veterinarian'}"
Animals & Pets,Animal Health,CUDDLY,cuddly.com,5,4.8,2017,//s3-eu-west-1.amazonaws.com/tpd/screenshotlogo-domain/5f0f5f80aebf0c0001df790e/198x149.png,909 Electric Ave,Seal Beach,90740,United States,http://cuddly.com,support@cuddly.com,8667314862,"{'category_1_name': 'Charity', 'category_2_name': 'Pet Adoption Service', 'category_3_name': 'Non-Bank Financial Service', 'category_4_name': 'Animal Rescue Service'}"
Animals & Pets,Animal Health,whiskerDocs,whiskerdocs.com,5,4.8,111,//s3-eu-west-1.amazonaws.com/tpd/screenshotlogo-domain/5d14f3399646e20001aef862/198x149.png,Remote,Anywhere in the US & Canada,,United States,http://whiskerdocs.com,help@whiskerDocs.com,855-698-3824,"{'category_1_name': 'Telephone Answering Service', 'category_2_name': 'Emergency Veterinarian Service', 'category_3_name': 'Veterinarian'}"
Animals & Pets,Animal Health,Spot Pet Insurance,spotpet.com,4.5,4.7,7972,//s3-eu-west-1.amazonaws.com/tpd/screenshotlogo-domain/62e828a015be0d5057f853c0/198x149.png,990 Biscayne Blvd,Miami,33132,United States,https://spotpet.com,,1-800-905-1595,"{'category_1_name': 'Emergency Veterinarian Service', 'category_2_name': 'Pet Insurance Company', 'category_3_name': 'Insurance Company', 'category_4_name': 'Veterinarian', 'category_5_name': 'Pet-Friendly Accommodation'}"
Animals & Pets,Animal Health,Beemzy,beemzy.com,4.5,4.7,125,//s3-eu-west-1.amazonaws.com/tpd/screenshotlogo-domain/66e0a76781c246c8ed259dbd/198x149.png,16192 Coastal Highway,Lewes,19958,United States,https://beemzy.com,support@beemzy.com,+32 466 90 37 36,"{'category_1_name': 'Animal Feed Store', 'category_2_name': 'Animal Hospital', 'category_3_name': 'Veterinarian', 'category_4_name': 'Veterinary Pharmacy', 'category_5_name': 'Pet Supply Store', 'category_6_name': 'Pet Store'}"
Animals & Pets,Animal Health,Askanexpertonline.com,askanexpertonline.com,4.5,4.6,1513,//s3-eu-west-1.amazonaws.com/tpd/screenshots/637c0e2fa91d67b71bb06791/198x149.png,,,,United States,http://askanexpertonline.com,SupportTP@justanswer.com,(800) 805-5962,"{'category_1_name': 'Mechanic', 'category_2_name': 'General Contractor', 'category_3_name': 'Veterinarian', 'category_4_name': 'Legal Services', 'category_5_name': 'Information Service', 'category_6_name': 'Tax Advisor'}"
Animals & Pets,Animal Health,Dutch,dutch.com,4.5,4.6,1465,//s3-eu-west-1.amazonaws.com/tpd/screenshotlogo-domain/60dd400a981ebe0001dc9cc9/198x149.png,,,,United States,https://www.dutch.com,care@dutch.com,,"{'category_1_name': 'Pet Insurance Company', 'category_2_name': 'Emergency Veterinarian Service', 'category_3_name': 'Veterinarian', 'category_4_name': 'Veterinary Pharmacy', 'category_5_name': 'Animal Hospital'}"
Animals & Pets,Animal Health,Paw Print Genetics,pawprintgenetics.com,4.5,4.3,4159,//s3-eu-west-1.amazonaws.com/tpd/screenshotlogo-domain/598213bf0000ff0005a7fd2e/198x149.png,220 East Rowan Suite 220,Spokane,99207,United States,http://pawprintgenetics.com,AskUs@pawprintgenetics.com,509.483.5950,"{'category_1_name': 'Veterinarian', 'category_2_name': 'Pharmacy'}"
Animals & Pets,Animal Health,Wisdom Panel,wisdompanel.com,4.5,4.3,739,//s3-eu-west-1.amazonaws.com/tpd/screenshotlogo-domain/5c6b1a4c1575a50001b6a364/198x149.png,Southeast 6th Way 18101,Vancouver,98683,United States,http://wisdompanel.com/en-gb,,,"{'category_1_name': 'Pet Supply Store', 'category_2_name': 'Veterinarian', 'category_3_name': 'Pet Store'}"
Animals & Pets,Animal Health,Fauneo,fauneo.fr,4.5,4.3,42,//s3-eu-west-1.amazonaws.com/tpd/screenshotlogo-domain/6749975e3ba83701e774a82b/198x149.png,"504, 166 Geary St STE 1500",San Francisco,94108,United States,http://fauneo.fr,support@fauneo.fr,+13025548304,"{'category_1_name': 'Animal Rescue Service', 'category_2_name': 'Jewelry Store'}"
Animals & Pets,Animal Health,My CatScan,mycatscan.com,4,4.2,168,//s3-eu-west-1.amazonaws.com/tpd/screenshotlogo-domain/5dfec7a10f8ee600014e06ce/198x149.png,10220 N Nevada St; Suite 300,Spokane,99218,United States,http://mycatscan.com,contactus@mycatscan.com,5094835950,"{'category_1_name': 'Cattery', 'category_2_name': 'Veterinarian'}"
Animals & Pets,Animal Health,Pawp,pawp.com,3,2.8,865,//s3-eu-west-1.amazonaws.com/tpd/screenshotlogo-domain/5fb3e3de9ea1aa000102f6ad/198x149.png,10 Grand Street,Brooklyn,11249,United States,http://pawp.com,support@pawp.com,,"{'category_1_name': 'Pet Insurance Company', 'category_2_name': 'Emergency Veterinarian Service'}"
Animals & Pets,Animal Health,Ocean County Veterinary Hospital ,ocvh.com,5,4.9,1249,//s3-eu-west-1.amazonaws.com/tpd/screenshots/51f3893800006400056b893b/198x149.png,838 River Avenue,Lakewood,08701,United States,http://ocvh.com,,732-363-7202,"{'category_1_name': 'Veterinarian', 'category_2_name': 'Pharmacy'}"
Animals & Pets,Animal Health,OriginalUdderBalm.com,originaludderbalm.com,5,4.8,56,//s3-eu-west-1.amazonaws.com/tpd/screenshotlogo-domain/61b7bb338c78c0029e82ff04/198x149.png,PO Box 65272,WEST DES MOINES,50265,United States,https://www.originaludderbalm.com,orders@originaludderbalm.com,(515) 255-1295,"{'category_1_name': 'Animal Watering Hole', 'category_2_name': 'Cosmetic Products Manufacturer', 'category_3_name': 'Beauty Product Supplier', 'category_4_name': 'Cosmetics Industry'}"
Animals & Pets,Animal Health,Animal Surgical Center,asc.vet,5,4.8,54,//s3-eu-west-1.amazonaws.com/tpd/screenshotlogo-domain/66a18c214bade719bbb23e81/198x149.png,"529 Atlantic Ave,",Oceanside,11572,United States,https://asc.vet,oceanside@asc.vet,(516) 543-6880,{'category_1_name': 'Animal Hospital'}
Animals & Pets,Animal Health,Monterey Animal Clinic,montereyanimalclinic.com,5,4.8,42,//s3-eu-west-1.amazonaws.com/tpd/screenshotlogo-domain/5cb3b8d78b0a0f00014c3f29/198x149.png,2251 S Kanner Hwy,"Stuart, FL",34994,United States,http://montereyanimalclinic.com,info@montereyanimalclinic.com,772-283-3756,"{'category_1_name': 'Pharmacy', 'category_2_name': 'Veterinarian'}"
Animals & Pets,Animal Health,PawMaw,pawmaw.com,4.5,4.7,34,//s3-eu-west-1.amazonaws.com/tpd/screenshotlogo-domain/5cc46fabc826560001cf5772/198x149.png,,,,United States,https://www.pawmaw.com/,Info@PawMaw.com,,"{'category_1_name': 'Animal Rescue Service', 'category_2_name': 'Pet Store', 'category_3_name': 'Wildlife Rescue Service'}"
Animals & Pets,Animal Health,Bivvy Pet Insurance,bivvy.com,4.5,4.6,3864,//s3-eu-west-1.amazonaws.com/tpd/screenshotlogo-domain/5d15337f4d01c600010ef2bc/198x149.png,5910 Mineral Point Road,Madison,53705,United States,https://bivvy.com,team@bivvy.com,(855) 434-3744,"{'category_1_name': 'Insurance Company', 'category_2_name': 'Emergency Veterinarian Service', 'category_3_name': 'Pet Insurance Company', 'category_4_name': 'Animal Shelter', 'category_5_name': 'Pet-Friendly Accommodation', 'category_6_name': 'Animal Rescue Service'}"
Animals & Pets,Animal Health,BetterVet,bettervet.com,4.5,4.6,223,//s3-eu-west-1.amazonaws.com/tpd/screenshotlogo-domain/6266264f3965f59c10b1eb9a/198x149.png,60 Massachusetts Ave,Boston,02115,United States,https://bettervet.com,support@bettervet.com,(888) 788-1165,"{'category_1_name': 'Veterinary Pharmacy', 'category_2_name': 'Veterinarian'}"
Animals & Pets,Animal Health,Steampunk Farms Rescue Barn,steampunkfarms.us,4.5,4.6,32,//s3-eu-west-1.amazonaws.com/tpd/screenshots/65d563de8261c625e63b9453/198x149.png,36013 Old Wilson Rd,Ranchita,92066,United States,http://steampunkfarms.us,steampunkfarms@gmail.com,,{'category_1_name': 'Animal Rescue Service'}
Animals & Pets,Animal Health,Big Cypress German Shepherd Rescue,www.saveagermanshepherd.org,4.5,4.6,31,//s3-eu-west-1.amazonaws.com/tpd/screenshotlogo-domain/626297cab5f1fbd1ead9b0e3/198x149.png,,Naples,,United States,http://www.saveagermanshepherd.org,Adopt@saveagermanshepherd.org,,{'category_1_name': 'Animal Rescue Service'}
Animals & Pets,Animal Health,PangoVet,pangovet.com,4.5,4.6,18,//s3-eu-west-1.amazonaws.com/tpd/screenshotlogo-domain/666159747b73a6dceedae14a/198x149.png,"2999 Douglas Blvd., Suite 180M",Roseville,95661,United States,https://pangovet.com,contact@pangovet.com,,{'category_1_name': 'Veterinarian'}
Animals & Pets,Animal Health,Dogtor Box,dogtorbox.com,4.5,4.5,22,//s3-eu-west-1.amazonaws.com/tpd/screenshotlogo-domain/65c2d1e4743169f267df470e/198x149.png,7649 Golf Channel Dr,Orlando,32819,United States,https://dogtorbox.com,contact@dogtorbox.com,(800) 418-0238,"{'category_1_name': 'Pet Store', 'category_2_name': 'Veterinarian', 'category_3_name': 'Animal Feed Store', 'category_4_name': 'Pet Supply Store', 'category_5_name': 'Vitamin and Supplements Store'}"
Animals & Pets,Animal Health,Champkennel,champkennel.com,4.5,4.5,21,//s3-eu-west-1.amazonaws.com/tpd/screenshots/600e044f5416e400011ed408/198x149.png,"Los Angeles, California ",Los Angeles,90014,United States,http://champkennel.com,info@champkennel.com,+14106569492,"{'category_1_name': 'Dog Walker', 'category_2_name': 'Pet Adoption Service', 'category_3_name': 'Dog Breeder', 'category_4_name': 'Animal Rescue Service', 'category_5_name': 'Pet Store'}"
Animals & Pets,Animal Health,VetBilling,vetbilling.com,4.5,4.5,16,//s3-eu-west-1.amazonaws.com/tpd/screenshotlogo-domain/63b4e25aacde6c1b254a492a/198x149.png,PO Box 245,Timonium,21094,United States,http://vetbilling.com,info@vetbilling.com,800-766-1918,"{'category_1_name': 'Veterinarian', 'category_2_name': 'Emergency Veterinarian Service', 'category_3_name': 'Payment Service', 'category_4_name': 'Animal Hospital'}"
Animals & Pets,Animal Health,"My Buddies Place, Inc.",stagingmybuddiesplace.azurewebsites.net,4.5,4.5,13,//s3-eu-west-1.amazonaws.com/tpd/screenshots/5ddcfdcad5594d0001d6f7e7/198x149.png,,,,United States,http://stagingmybuddiesplace.azurewebsites.net,,,"{'category_1_name': 'Emergency Veterinarian Service', 'category_2_name': 'Dog Walker', 'category_3_name': 'Dog Trainer', 'category_4_name': 'Pet Sitter', 'category_5_name': 'Pet Groomer', 'category_6_name': 'Veterinarian'}"
Animals & Pets,Animal Health,Canine HealthCheck,caninehealthcheck.com,4.5,4.3,249,//s3-eu-west-1.amazonaws.com/tpd/screenshotlogo-domain/5dfec7a40f8ee600014e06d0/198x149.png,220 E Rowan Ave Suite 220,Spokane,99207,United States,http://caninehealthcheck.com,Info@CanineHealthCheck.com,509-483-5950,{'category_1_name': 'Veterinarian'}
Animals & Pets,Animal Health,CoVet,co.vet,4,4.2,13,//s3-eu-west-1.amazonaws.com/tpd/screenshotlogo-domain/67afa7e521d7cd3d58caa571/198x149.png,2261 Market Street,San Francisco,94114,United States,http://co.vet,support@co.vet,1 (888) 530-7879,"{'category_1_name': 'Veterinarian', 'category_2_name': 'Audio Transcription Service'}"
Animals & Pets,Animal Health,Codapet,codapet.com,4,4.2,6,//s3-eu-west-1.amazonaws.com/tpd/screenshotlogo-domain/6442610ecc711302b346746e/198x149.png,1639 N Fresno St. Fresno CA 93703,Fresno,CA 93703,United States,https://www.codapet.com/,marketing@codapet.com,1-833-263-2738,"{'category_1_name': 'Veterinarian', 'category_2_name': 'Emergency Veterinarian Service'}"
Animals & Pets,Animal Health,Mosaictileoutlet,www.mosaictileoutlet.com,4,4.1,6,,,,,United States,http://www.mosaictileoutlet.com,,,{'category_1_name': 'Animal Hospital'}
Animals & Pets,Animal Health,Greatvet,www.greatvet.com,4,4.1,5,//s3-eu-west-1.amazonaws.com/tpd/screenshotlogo-domain/5f189c2231170c0001d7d55c/198x149.png,106 apple street,Tinton Falls,07724,United States,https://greatvet.com,elyse@greatvet.com,7325309111,{'category_1_name': 'Animal Hospital'}
Animals & Pets,Animal Health,Ortho Vet,www.orthovet.com,4,4.1,5,//s3-eu-west-1.amazonaws.com/tpd/screenshots/622940a4224119b3fb154750/198x149.png,,,,United States,http://www.orthovet.com,,,"{'category_1_name': 'Veterinarian', 'category_2_name': 'Pet Store', 'category_3_name': 'Emergency Veterinarian Service'}"
Animals & Pets,Animal Health,Vetrelieve,vetrelieve.com,4,4,4,//s3-eu-west-1.amazonaws.com/tpd/screenshotlogo-domain/64edd058835da6f72d058bdb/198x149.png,,,,United States,http://vetrelieve.com,,,"{'category_1_name': 'Veterinarian', 'category_2_name': 'Pet Supply Store'}"
Animals & Pets,Animal Health,RealESALetter,realesaletter.com,4,4,4,//s3-eu-west-1.amazonaws.com/tpd/screenshotlogo-domain/5dea098431cfbb0001403c34/198x149.png,1413 HWY 17S 1320,Surfside Beach,29575,United States,https://www.realesaletter.com,info@realesaletter.com,8003720148,"{'category_1_name': 'Dog Trainer', 'category_2_name': 'Psychiatrist', 'category_3_name': 'Animal Shelter', 'category_4_name': 'Veterinarian'}"
Animals & Pets,Animal Health,"High Alert Institute, Inc.",highalertinstitute.org,4,4,3,//s3-eu-west-1.amazonaws.com/tpd/screenshotlogo-domain/62d779fe940e00747d41805c/198x149.png,,,,United States,http://www.highalertinstitute.org,,,"{'category_1_name': 'Research and Product Development', 'category_2_name': 'Consultant', 'category_3_name': 'Animal Shelter', 'category_4_name': 'Environmental Renewable Natural Resources', 'category_5_name': 'Animal Protection Organization'}"
Animals & Pets,Animal Health,bigbarker.com,bigbarker.com,4,4,3,//s3-eu-west-1.amazonaws.com/tpd/screenshots/5fce57c3aaccf500018587f6/198x149.png,,,,United States,http://bigbarker.com,,,"{'category_1_name': 'Furniture Store', 'category_2_name': 'Veterinarian', 'category_3_name': 'Pet Store', 'category_4_name': 'Pet Supply Store'}"
Animals & Pets,Animal Health,Ветеринар24,ветеринар24.москва,4,4,3,,,,,United States,http://ветеринар24.москва,,,{'category_1_name': 'Veterinarian'}
Animals & Pets,Animal Health,Chalklandvets,chalklandvets.com,4,4,3,,,,,United States,http://chalklandvets.com,,,"{'category_1_name': 'Emergency Veterinarian Service', 'category_2_name': 'Veterinarian', 'category_3_name': 'Animal Hospital'}"
Animals & Pets,Animal Health,lapoflove.com,lapoflove.com,4,3.9,6,//s3-eu-west-1.amazonaws.com/tpd/screenshots/6168c324031d6c001de75f76/198x149.png,,,,United States,http://lapoflove.com,,,"{'category_1_name': 'Animal Hospital', 'category_2_name': 'Veterinarian', 'category_3_name': 'Emergency Veterinarian Service'}"
Animals & Pets,Animal Health,Swanbridgevets,swanbridgevets.com,4,3.8,8,,,,,United States,http://swanbridgevets.com,,,"{'category_1_name': 'Veterinarian', 'category_2_name': 'Pet Store', 'category_3_name': 'Animal Hospital'}"
Animals & Pets,Animal Health,Medrm,medrm.online,4,3.8,4,,,,,United States,http://medrm.online,,,"{'category_1_name': 'Pet Store', 'category_2_name': 'Emergency Veterinarian Service', 'category_3_name': 'Veterinarian'}"
Animals & Pets,Animal Health,F.R.I.E.N.D.S.,www.eiahorses.org,4,3.8,3,//s3-eu-west-1.amazonaws.com/tpd/screenshotlogo-domain/5e9cf766ce73d40001f23335/198x149.png,Northeast 65th Court 1840,Fort Lauderdale,33308,United States,http://www.eiahorses.org,,,"{'category_1_name': 'Volunteer Organization', 'category_2_name': 'Animal Rescue Service', 'category_3_name': 'Non-Profit Organization'}"
Animals & Pets,Animal Health,Helpingwings,helpingwings.org.au,4,3.8,2,,,,,United States,http://helpingwings.org.au,,,{'category_1_name': 'Animal Rescue Service'}
Animals & Pets,Animal Health,americanpetco.com,americanpetco.com,4,3.8,2,//s3-eu-west-1.amazonaws.com/tpd/screenshots/62a97ea57d2c8bcd3910f888/198x149.png,,,,United States,http://americanpetco.com,,,"{'category_1_name': 'Veterinarian', 'category_2_name': 'Pet Moving Service', 'category_3_name': 'Pet Store'}"
Animals & Pets,Animal Health,aminavast,aminavast.com,4,3.8,2,,,,,United States,http://aminavast.com,,,{'category_1_name': 'Veterinarian'}
Animals & Pets,Animal Health,PawPlacer,pawplacer.com,4,3.8,2,//s3-eu-west-1.amazonaws.com/tpd/screenshotlogo-domain/67a4fb4421d7cd3d58c986eb/198x149.png,,,,United States,https://www.pawplacer.com,contactus@pawplacer.com,,"{'category_1_name': 'Animal Rescue Service', 'category_2_name': 'Animal Shelter', 'category_3_name': 'Foster Care Service'}"
Animals & Pets,Animal Health,Lakeviewcaninescanningservices,lakeviewcaninescanningservices.com,4,3.8,2,,,,,United States,http://lakeviewcaninescanningservices.com,,,"{'category_1_name': 'Pet Groomer', 'category_2_name': 'Pet Store', 'category_3_name': 'Veterinarian'}"
Animals & Pets,Animal Health,Budgetvetcare,budgetvetcare.com,3.5,3.7,32,//s3-eu-west-1.amazonaws.com/tpd/screenshots/61a7f31905840a2f70d2e12b/198x149.png,,,,United States,http://budgetvetcare.com,,,"{'category_1_name': 'Pet Store', 'category_2_name': 'Pet Supply Store', 'category_3_name': 'Veterinarian'}"
Animals & Pets,Animal Health,Remedy Hut,remedyhut.com,3.5,3.7,17,//s3-eu-west-1.amazonaws.com/tpd/screenshots/51b7ebe900006400053a88fe/198x149.png,,,,United States,http://remedyhut.com,,,"{'category_1_name': 'Veterinarian', 'category_2_name': 'Wellness Center', 'category_3_name': 'Skin Care Clinic', 'category_4_name': 'Pharmacy', 'category_5_name': 'Fitness and Nutrition Service'}"
Animals & Pets,Animal Health,Puppies Golden Doodle,puppiesgoldendoodle.com,3.5,3.7,3,//s3-eu-west-1.amazonaws.com/tpd/screenshotlogo-domain/606c3058e4e9380001dac26d/198x149.png,"15518 Waverly Dr, Texas   United States",Houston,77032,United States,https://puppiesgoldendoodle.com,info@puppiesgoldendoodle.com,,"{'category_1_name': 'Pet Adoption Service', 'category_2_name': 'Pet Trainer', 'category_3_name': 'Pet Store', 'category_4_name': 'Pet Supply Store', 'category_5_name': 'Animal Shelter'}"
Animals & Pets,Animal Health,Bayne Mobile Veterinary Services,baynevet.com,3.5,3.7,2,//s3-eu-west-1.amazonaws.com/tpd/screenshots/5b2a7976d401b200015d22f3/198x149.png,,Rochester,,United States,http://baynevet.com,,,"{'category_1_name': 'Emergency Veterinarian Service', 'category_2_name': 'Veterinarian'}"
Animals & Pets,Animal Health,Dr. Treat,www.drtreat.com,3.5,3.7,1,//s3-eu-west-1.amazonaws.com/tpd/screenshots/640f56b77d6554a857261717/198x149.png,1898 Union St,San Francisco,94123,United States,http://www.drtreat.com,hello@drtreat.com,415-741-5890,{'category_1_name': 'Veterinarian'}
Animals & Pets,Animal Health,Madison Pet Clinic,madisonpetclinic.com,3.5,3.7,1,//s3-eu-west-1.amazonaws.com/tpd/screenshots/5e1e928f5f4ef700013a20f7/198x149.png,South Madison Street 1631,Webb City,64870,United States,http://madisonpetclinic.com,,,"{'category_1_name': 'Veterinarian', 'category_2_name': 'Emergency Veterinarian Service'}"
Animals & Pets,Animal Health,Visbiomevet,visbiomevet.com,3.5,3.7,1,//s3-eu-west-1.amazonaws.com/tpd/screenshots/631363dfb64886df9d455b04/198x149.png,,,,United States,http://visbiomevet.com,,,"{'category_1_name': 'Veterinarian', 'category_2_name': 'Pet Store'}"
Animals & Pets,Animal Health,Dyrlaegedirekte,dyrlaegedirekte.eu,3.5,3.7,1,//s3-eu-west-1.amazonaws.com/tpd/screenshots/6575f9abfa8c7e8d395fb671/198x149.png,,,,United States,http://dyrlaegedirekte.eu,,,"{'category_1_name': 'Animal Feed Store', 'category_2_name': 'Pet Store', 'category_3_name': 'Pet Supply Store', 'category_4_name': 'Veterinarian'}"
Animals & Pets,Animal Health,VEG,veg.com,3.5,3.7,1,,,,,United States,http://veg.com,,,{'category_1_name': 'Emergency Veterinarian Service'}
Animals & Pets,Animal Health,Meganslandingvet,meganslandingvet.com,3.5,3.7,1,,,,,United States,http://meganslandingvet.com,,,"{'category_1_name': 'Animal Hospital', 'category_2_name': 'Veterinarian'}"
Animals & Pets,Animal Health,Nine Mile Veterinary Group,ninemilevets.co.uk,3.5,3.7,1,,,,,United States,http://ninemilevets.co.uk,,,"{'category_1_name': 'Emergency Veterinarian Service', 'category_2_name': 'Animal Hospital', 'category_3_name': 'Veterinarian'}"
Animals & Pets,Animal Health,Animalhospitalofcloverdale,www.animalhospitalofcloverdale.com,3.5,3.7,1,,,,,United States,http://www.animalhospitalofcloverdale.com,,,"{'category_1_name': 'Animal Hospital', 'category_2_name': 'Veterinarian', 'category_3_name': 'Emergency Veterinarian Service'}"
Animals & Pets,Animal Health,SIGNS NA,en.petbysigns.com,3.5,3.7,1,//s3-eu-west-1.amazonaws.com/tpd/screenshotlogo-domain/67c80e6f8052d8590f2d76b1/198x149.png,"4050 Pensylvania Ave, STE 115 #26",Kansas City ,64111-3041,United States,https://en.petbysigns.com/us,support-na@signs-labs.com,(855) 280-1182,"{'category_1_name': 'Veterinarian', 'category_2_name': 'Pet Store', 'category_3_name': 'Pet Supply Store'}"
Animals & Pets,Animal Health,Mypetsanimalhospital,www.mypetsanimalhospital.com,3.5,3.7,1,,,,,United States,http://www.mypetsanimalhospital.com,,,"{'category_1_name': 'Veterinarian', 'category_2_name': 'Emergency Veterinarian Service', 'category_3_name': 'Animal Hospital'}"
Animals & Pets,Animal Health,Broadwayvetgroup,www.broadwayvetgroup.co.uk,3.5,3.7,1,,,,,United States,http://www.broadwayvetgroup.co.uk,,,"{'category_1_name': 'Veterinarian', 'category_2_name': 'Emergency Veterinarian Service', 'category_3_name': 'Animal Hospital'}"
Animals & Pets,Animal Health,Cotwinsveterinarycare,cotwinsveterinarycare.com,3.5,3.7,1,,,,,United States,http://cotwinsveterinarycare.com,,,{'category_1_name': 'Veterinarian'}
Animals & Pets,Animal Health,etownanimalhospital.vetstreet.com,etownanimalhospital.vetstreet.com,3.5,3.7,1,//s3-eu-west-1.amazonaws.com/tpd/screenshots/622f44e6535b43c191ffbd4e/198x149.png,,,,United States,http://etownanimalhospital.vetstreet.com,,,"{'category_1_name': 'Emergency Veterinarian Service', 'category_2_name': 'Animal Hospital', 'category_3_name': 'Veterinarian'}"
Animals & Pets,Animal Health,Theexoticvet,theexoticvet.com,3.5,3.7,1,,,,,United States,http://theexoticvet.com,,,{'category_1_name': 'Veterinarian'}
Animals & Pets,Animal Health,Scribvet - AI Veterinarian Scribe,scribvet.com,3.5,3.7,1,//s3-eu-west-1.amazonaws.com/tpd/screenshotlogo-domain/6791e139bce3dea909a8bb5f/198x149.png,,,,United States,http://scribvet.com,contact@scribvet.com,,"{'category_1_name': 'Software Company', 'category_2_name': 'Veterinarian'}"
Animals & Pets,Animal Health,Mariendal,mariendal.net,3.5,3.7,1,//s3-eu-west-1.amazonaws.com/tpd/screenshots/602fad0ebd6e8b0001bb5b9a/198x149.png,,,,United States,http://mariendal.net,,,"{'category_1_name': 'Pet Store', 'category_2_name': 'Veterinarian'}"
Animals & Pets,Animal Health,Slovgen,slovgen.sk,3.5,3.7,1,,,,,United States,http://slovgen.sk,,,{'category_1_name': 'Veterinarian'}
Animals & Pets,Animal Health,pharmanimal.com,pharmanimal.com,3.5,3.6,24,//s3-eu-west-1.amazonaws.com/tpd/screenshots/60cf632b2347070001519b15/198x149.png,,,,United States,http://pharmanimal.com,,,"{'category_1_name': 'Veterinarian', 'category_2_name': 'Pet Supply Store', 'category_3_name': 'Pet Store'}"
Animals & Pets,Animal Health,County Animal Shelter,countyanimalshelter.com,3.5,3.6,8,//s3-eu-west-1.amazonaws.com/tpd/screenshots/60229712c0f73e00011db195/198x149.png,,,,United States,https://www.countyanimalshelter.com/,support@countyanimalshelter.com,,"{'category_1_name': 'Animal Rescue Service', 'category_2_name': 'Animal Control Service', 'category_3_name': 'Animal Protection Organization', 'category_4_name': 'Pet Adoption Service', 'category_5_name': 'Animal Shelter'}"
Animals & Pets,Animal Health,Larimer County Humane Society,www.larimerhumane.org,3.5,3.6,1,//s3-eu-west-1.amazonaws.com/tpd/screenshots/600c4010fa19500001146ed8/198x149.png,,,,United States,http://www.larimerhumane.org,,,"{'category_1_name': 'Pet Store', 'category_2_name': 'Veterinarian'}"
Animals & Pets,Animal Health,Donaldsonsvets,donaldsonsvets.co.uk,3.5,3.5,34,,,,,United States,http://donaldsonsvets.co.uk,,,{'category_1_name': 'Veterinarian'}
Animals & Pets,Animal Health,fr.virbac.com,fr.virbac.com,3.5,3.5,2,//s3-eu-west-1.amazonaws.com/tpd/screenshots/600099686c9e5f0001eff2ab/198x149.png,,,,United States,http://fr.virbac.com,,,"{'category_1_name': 'Veterinarian', 'category_2_name': 'Pet Supply Store', 'category_3_name': 'Pet Store'}"
Animals & Pets,Animal Health,Jones Animal Hospital,www.santamonicavet.com,0,3.5,0,,1708 17th St,Santa Monica,90404,United States,http://www.santamonicavet.com,,(310) 477-4400,{'category_1_name': 'Veterinarian'}
Animals & Pets,Animal Health,Weforanimals,www.weforanimals.com,0,3.5,0,//s3-eu-west-1.amazonaws.com/tpd/screenshots/4a6d0f3200006400050465f5/198x149.png,,,,United States,http://www.weforanimals.com,,,"{'category_1_name': 'Pet Store', 'category_2_name': 'Animal Rescue Service'}"
Animals & Pets,Animal Health,Mayerspuppiesfarm,mayerspuppiesfarm.com,0,3.5,0,//s3-eu-west-1.amazonaws.com/tpd/screenshots/5f80e89bce4fa10001ec69b1/198x149.png,,,,United States,http://mayerspuppiesfarm.com,,,"{'category_1_name': 'Animal Shelter', 'category_2_name': 'Pet Store', 'category_3_name': 'Community Health Centre', 'category_4_name': 'Community School', 'category_5_name': 'Community College', 'category_6_name': 'Gift Shop'}"
Animals & Pets,Animal Health,Wikipedia,cs.wikipedia.org,0,3.5,0,//s3-eu-west-1.amazonaws.com/tpd/screenshots/608e29f1377e490001768460/198x149.png,,,,United States,http://cs.wikipedia.org,,,"{'category_1_name': 'Farm Shop', 'category_2_name': 'Animal Shelter'}"
Animals & Pets,Animal Health,Fuzzy,yourfuzzy.com,3.5,3.4,338,//s3-eu-west-1.amazonaws.com/tpd/screenshotlogo-domain/5d28d172425ef6000107854f/198x149.png,160 Spear St,San Francisco,94105,United States,http://fuzzy.com,help@yourfuzzy.com,,"{'category_1_name': 'Animal Hospital', 'category_2_name': 'Veterinarian', 'category_3_name': 'Pet Supply Store', 'category_4_name': 'Pet Trainer'}"
Animals & Pets,Animal Health,Veterinary Emergency Group,veterinaryemergencygroup.com,3.5,3.4,7,//s3-eu-west-1.amazonaws.com/tpd/screenshots/653a7f662634c98aa8635092/198x149.png,,,,United States,http://veterinaryemergencygroup.com,,,"{'category_1_name': 'Pet Store', 'category_2_name': 'Veterinarian', 'category_3_name': 'Animal Hospital', 'category_4_name': 'Emergency Veterinarian Service', 'category_5_name': 'Pet Boarding Service'}"
Animals & Pets,Animal Health,Avonvets,www.avonvets.co.uk,3.5,3.4,2,,,,,United States,http://www.avonvets.co.uk,,,"{'category_1_name': 'Veterinarian', 'category_2_name': 'Emergency Veterinarian Service', 'category_3_name': 'Animal Hospital'}"
Animals & Pets,Animal Health,Playfuldoxies,playfuldoxies.com,3.5,3.4,2,,,,,United States,http://playfuldoxies.com,,,"{'category_1_name': 'Veterinarian', 'category_2_name': 'Pet Store'}"
Animals & Pets,Animal Health,The Vets,thevets.com,3.5,3.3,86,//s3-eu-west-1.amazonaws.com/tpd/screenshotlogo-domain/6111a6582684fd001e1b495f/198x149.png,One Bridge Plaza,Forth Lee,07024,United States,http://thevets.com,support@thevets.com,8447228387,{'category_1_name': 'Veterinarian'}
Animals & Pets,Animal Health,PDSA,pdsapetstore.org.uk,3.5,3.3,12,,,,,United States,http://pdsapetstore.org.uk,,,"{'category_1_name': 'Pet Store', 'category_2_name': 'Veterinarian', 'category_3_name': 'Pet Supply Store'}"
Animals & Pets,Animal Health,hartvets.co.uk,hartvets.co.uk,3.5,3.3,5,,,,,United States,http://hartvets.co.uk,,,"{'category_1_name': 'Veterinarian', 'category_2_name': 'Emergency Veterinarian Service', 'category_3_name': 'Pet Store', 'category_4_name': 'Animal Hospital', 'category_5_name': 'Animal Shelter'}"
Animals & Pets,Animal Health,Delaware Veterinary Group,delawarevets.co.uk,3.5,3.3,4,//s3-eu-west-1.amazonaws.com/tpd/screenshots/5e4a8165d3ba1c0001d23cd4/198x149.png,Torbay Road,Castle Cary,BA7 7DT,United States,http://delawarevets.co.uk,,,"{'category_1_name': 'Veterinarian', 'category_2_name': 'Dog Breeder'}"
Animals & Pets,Animal Health,Silverfoxdogrescue,www.silverfoxdogrescue.com,3,3.2,15,,,,,United States,http://www.silverfoxdogrescue.com,,,"{'category_1_name': 'Dog Breeder', 'category_2_name': 'Pet Store', 'category_3_name': 'Animal Rescue Service', 'category_4_name': 'Pet Adoption Service'}"
Animals & Pets,Animal Health,Regan Veterinary Group,regansvets.co.uk,3,3.2,10,//s3-eu-west-1.amazonaws.com/tpd/screenshots/5e8cdecabc2231000153d16a/198x149.png,Owen Road,Diss,IP22 4ER,United States,http://regansvets.co.uk,,,"{'category_1_name': 'Animal Hospital', 'category_2_name': 'Veterinarian', 'category_3_name': 'Emergency Veterinarian Service'}"
Animals & Pets,Animal Health,Meadvets,www.meadvets.com,3,3.2,9,,,,,United States,http://www.meadvets.com,,,"{'category_1_name': 'Veterinarian', 'category_2_name': 'Pet Store', 'category_3_name': 'Emergency Veterinarian Service'}"
Animals & Pets,Animal Health,Tutoribalto,www.tutoribalto.com,3,3.2,7,//s3-eu-west-1.amazonaws.com/tpd/screenshots/62dc5a0daba354979b444026/198x149.png,,,,United States,http://www.tutoribalto.com,,,"{'category_1_name': 'Pet Supply Store', 'category_2_name': 'Pet Store', 'category_3_name': 'Veterinarian'}"
Animals & Pets,Animal Health,VetHelpDirect,www.vethelpdirect.com,3,3.2,4,//s3-eu-west-1.amazonaws.com/tpd/screenshots/5cd3fba0478699000150d030/198x149.png,,,,United States,http://www.vethelpdirect.com,,,{'category_1_name': 'Veterinarian'}
Animals & Pets,Animal Health,Terryrescue,terryrescue.com,3,3.2,3,//s3-eu-west-1.amazonaws.com/tpd/screenshotlogo-domain/64bf269b1f6068483d2ca1b2/198x149.png,"181 EDGEWOOD TERRACE S BOUNDBROOK, NJ 0888",EDGEWOOD TERRACE S BOUNDBROOK,08880,United States,http://terryrescue.com,kelvin@terryrescue.com,2135993099,"{'category_1_name': 'Animal Rescue Service', 'category_2_name': 'Dog Trainer', 'category_3_name': 'Dog Breeder', 'category_4_name': 'Pet Adoption Service'}"
Animals & Pets,Animal Health,Tomwaltersequine,www.tomwaltersequine.com,3,3.2,1,,,,,United States,http://www.tomwaltersequine.com,,,"{'category_1_name': 'Veterinarian', 'category_2_name': 'Horseback Riding Service'}"
Animals & Pets,Animal Health,Beesferry,beesferry.com,3,3.2,1,,,,,United States,http://beesferry.com,,,"{'category_1_name': 'Pet Boarding Service', 'category_2_name': 'Veterinarian'}"
Animals & Pets,Animal Health,newporthillsvet.com,www.newporthillsvet.com,3,3.2,1,//s3-eu-west-1.amazonaws.com/tpd/screenshots/62ab744d4fe811b8cac9ce22/198x149.png,,,,United States,http://www.newporthillsvet.com,,,{'category_1_name': 'Veterinarian'}
Animals & Pets,Animal Health,Animaloptionsvetclinic,www.animaloptionsvetclinic.com.au,3,3.2,1,//s3-eu-west-1.amazonaws.com/tpd/screenshots/5b78f01bb1710d00011b8413/198x149.png,,,,United States,http://www.animaloptionsvetclinic.com.au,,,{'category_1_name': 'Veterinarian'}
Animals & Pets,Animal Health,Unavets,www.unavets.com,3,3.2,1,//s3-eu-west-1.amazonaws.com/tpd/screenshots/65b8e7e6c8226a739003f071/198x149.png,,,,United States,http://www.unavets.com,,,"{'category_1_name': 'Animal Hospital', 'category_2_name': 'Veterinarian'}"
Animals & Pets,Animal Health,Jupiteranimalhospital,www.jupiteranimalhospital.com,3,3.2,1,,,,,United States,http://www.jupiteranimalhospital.com,,,"{'category_1_name': 'Emergency Veterinarian Service', 'category_2_name': 'Animal Hospital', 'category_3_name': 'Veterinarian'}"
Animals & Pets,Animal Health,My Justanswer,my.justanswer.com,3,3.2,1,,,,,United States,http://my.justanswer.com,,,"{'category_1_name': 'Emergency Veterinarian Service', 'category_2_name': 'Veterinarian'}"
Animals & Pets,Animal Health,Osceolaanimalclinic,www.osceolaanimalclinic.com,3,3.2,1,,,,,United States,http://www.osceolaanimalclinic.com,,,"{'category_1_name': 'Veterinarian', 'category_2_name': 'Animal Hospital'}"
Animals & Pets,Animal Health,modernanimal.com,www.modernanimal.com,3,3.2,1,//s3-eu-west-1.amazonaws.com/tpd/screenshots/62191557a106dfb98a8b7d3a/198x149.png,,,,United States,http://www.modernanimal.com,,,{'category_1_name': 'Veterinarian'}
Animals & Pets,Animal Health,East Dallas Veterinary Clinic,www.eastdallasvetclinic.com,3,3.2,1,//s3-eu-west-1.amazonaws.com/tpd/screenshots/632bd1585ff74a79a209d8b8/198x149.png,,,,United States,http://www.eastdallasvetclinic.com,,,"{'category_1_name': 'Animal Hospital', 'category_2_name': 'Veterinarian'}"
Animals & Pets,Animal Health,Veterinary Clinic,www.thevetclinic.co.uk,3,3.2,1,//s3-eu-west-1.amazonaws.com/tpd/screenshots/5e8ef1224893f600012a7a63/198x149.png,,,,United States,http://www.thevetclinic.co.uk,,,{'category_1_name': 'Veterinarian'}
Animals & Pets,Animal Health,Maderavet,maderavet.com,3,3.2,1,//s3-eu-west-1.amazonaws.com/tpd/screenshots/66a157b6a28d00325aadd908/198x149.png,,,,United States,http://maderavet.com,,,"{'category_1_name': 'Animal Hospital', 'category_2_name': 'Veterinarian', 'category_3_name': 'Emergency Veterinarian Service'}"
Animals & Pets,Animal Health,Clarendonhousevets,clarendonhousevets.co.uk,3,3.2,1,,,,,United States,http://clarendonhousevets.co.uk,,,{'category_1_name': 'Veterinarian'}
Animals & Pets,Animal Health,Thrive Pet Healthcare,thrivepetcare.com,3,3.2,1,//s3-eu-west-1.amazonaws.com/tpd/screenshots/64b0959f0d3abec321afc325/198x149.png,,,,United States,http://thrivepetcare.com,,,"{'category_1_name': 'Animal Hospital', 'category_2_name': 'Veterinarian', 'category_3_name': 'Emergency Veterinarian Service'}"
Animals & Pets,Animal Health,rt66vet.com,rt66vet.com,3,3.2,1,//s3-eu-west-1.amazonaws.com/tpd/screenshots/627c4e4f86d791adf5986c12/198x149.png,,,,United States,http://rt66vet.com,,,"{'category_1_name': 'Animal Hospital', 'category_2_name': 'Emergency Veterinarian Service'}"
Animals & Pets,Animal Health,Vcacanada,www.vcacanada.com,3,3.2,1,//s3-eu-west-1.amazonaws.com/tpd/screenshots/666a35a89a55bc5adf78497e/198x149.png,,,,United States,http://www.vcacanada.com,,,"{'category_1_name': 'Veterinarian', 'category_2_name': 'Animal Hospital'}"
Animals & Pets,Animal Health,Huntsvillepetvet,www.huntsvillepetvet.com,3,3.2,1,,,,,United States,http://www.huntsvillepetvet.com,,,"{'category_1_name': 'Animal Hospital', 'category_2_name': 'Veterinarian', 'category_3_name': 'Pet Store'}"
Animals & Pets,Animal Health,woodview-veterinary-clinic-boarding-and-grooming.business.s,woodview-veterinary-clinic-boarding-and-grooming.business.site,3,3.2,1,//s3-eu-west-1.amazonaws.com/tpd/screenshots/628265c03c5789860b0143d0/198x149.png,,,,United States,http://woodview-veterinary-clinic-boarding-and-grooming.business.site,,,"{'category_1_name': 'Animal Hospital', 'category_2_name': 'Emergency Veterinarian Service', 'category_3_name': 'Veterinarian'}"
Animals & Pets,Animal Health,Loch Leven Equine,lochlevenequine.co.uk,3,3.2,1,//s3-eu-west-1.amazonaws.com/tpd/screenshots/5d8df3b403cb6f0001eef356/198x149.png,,,,United States,http://lochlevenequine.co.uk,,,"{'category_1_name': 'Pet Store', 'category_2_name': 'Veterinarian'}"
Animals & Pets,Animal Health,Tyldesleyvets,www.tyldesleyvets.com,3,3.2,1,,,,,United States,http://www.tyldesleyvets.com,,,{'category_1_name': 'Veterinarian'}
Animals & Pets,Animal Health,VetRxDirect Pet Pharmacy,www.vetrxdirect.com,3,3,3126,//s3-eu-west-1.amazonaws.com/tpd/screenshotlogo-domain/4bf1b04000006400050ca6a1/198x149.png,"1900 James St, Ste 11",Coralville,52241,United States,http://www.VetRxDirect.Pharmacy,info@vetrxdirect.com,866-761-6578,"{'category_1_name': 'Veterinarian', 'category_2_name': 'Pharmacy'}"
Animals & Pets,Animal Health,Tamesideveterinaryclinic,tamesideveterinaryclinic.co.uk,3,3,21,,,,,United States,http://tamesideveterinaryclinic.co.uk,,,"{'category_1_name': 'Animal Hospital', 'category_2_name': 'Veterinarian', 'category_3_name': 'Emergency Veterinarian Service'}"
Animals & Pets,Animal Health,UK-GSR_official page,www.ukgermanshepherdrescue.co.uk,3,3,6,//s3-eu-west-1.amazonaws.com/tpd/screenshots/5d9b9d4969f41300017d55c3/198x149.png,Bonds Lane,Elswick,PR4 3ZE,United States,http://www.ukgermanshepherdrescue.co.uk,,,"{'category_1_name': 'Animal Rescue Service', 'category_2_name': 'Pet Adoption Service'}"
Animals & Pets,Animal Health,Shires Veterinary Practice,www.shiresvets.com,3,3,5,//s3-eu-west-1.amazonaws.com/tpd/screenshots/61ab2dbcc487733d347161ee/198x149.png,,,,United States,http://www.shiresvets.com,,,"{'category_1_name': 'Animal Hospital', 'category_2_name': 'Veterinarian'}"
Animals & Pets,Animal Health,Petvet,www.petvet.org.uk,3,2.9,31,,,,,United States,http://www.petvet.org.uk,,,"{'category_1_name': 'Emergency Veterinarian Service', 'category_2_name': 'Pet Store', 'category_3_name': 'Veterinarian'}"
Animals & Pets,Animal Health,Beecroftsurgical,beecroftsurgical.com,3,2.9,4,,,,,United States,http://beecroftsurgical.com,,,"{'category_1_name': 'Emergency Veterinarian Service', 'category_2_name': 'Veterinarian'}"
Animals & Pets,Animal Health,smalldoorvet.com,smalldoorvet.com,3,2.9,2,//s3-eu-west-1.amazonaws.com/tpd/screenshots/61f3f6d4d3bacb662c6f079e/198x149.png,,,,United States,http://smalldoorvet.com,,,"{'category_1_name': 'Veterinarian', 'category_2_name': 'Emergency Veterinarian Service'}"
Animals & Pets,Animal Health,Askaveterinarianonline,www.askaveterinarianonline.com,3,2.9,2,//s3-eu-west-1.amazonaws.com/tpd/screenshots/61767dd20e82255e1b6fdfa8/198x149.png,,,,United States,http://www.askaveterinarianonline.com,,,"{'category_1_name': 'Emergency Veterinarian Service', 'category_2_name': 'Animal Hospital', 'category_3_name': 'Veterinarian', 'category_4_name': 'Animal Control Service'}"
Animals & Pets,Animal Health,Naperville Animal Hospital,www.napervilleanimalhospital.com,3,2.8,3,//s3-eu-west-1.amazonaws.com/tpd/screenshots/5beda765b1ab5e000108b01d/198x149.png,East Ogden Avenue 1023,Naperville,60563,United States,http://www.napervilleanimalhospital.com,,,"{'category_1_name': 'Veterinarian', 'category_2_name': 'Pet Store', 'category_3_name': 'Pet Supply Store'}"
Animals & Pets,Animal Health,Equigovet,www.equigovet.com,3,2.8,3,,,,,United States,http://www.equigovet.com,,,{'category_1_name': 'Emergency Veterinarian Service'}
Animals & Pets,Animal Health,Texas Coalition for Animal Protection,www.texasforthem.org,3,2.8,3,//s3-eu-west-1.amazonaws.com/tpd/screenshotlogo-domain/598dc6900000ff0005a8a46c/198x149.png,713 Sunset Street,Denton,76201,United States,http://www.texasforthem.org,info@texasforthem.org,940-566-5551,"{'category_1_name': 'Veterinarian', 'category_2_name': 'Non-Profit Organization'}"
Animals & Pets,Animal Health,UPS,ups.bg,3,2.8,3,,,,,United States,http://ups.bg,,,"{'category_1_name': 'Pet Store', 'category_2_name': 'Veterinarian'}"
Animals & Pets,Animal Health,AZ Exotic Bird Rescue,azexoticbirdrescue.org,3,2.8,3,//s3-eu-west-1.amazonaws.com/tpd/screenshots/599597a50000ff0005a910e2/198x149.png,,,,United States,http://azexoticbirdrescue.org,,,{'category_1_name': 'Animal Rescue Service'}
Animals & Pets,Animal Health,Nhvnaturalpetproducts,www.nhvnaturalpetproducts.com,2.5,2.7,8,,,,,United States,http://www.nhvnaturalpetproducts.com,,,"{'category_1_name': 'Pet Supply Store', 'category_2_name': 'Veterinarian', 'category_3_name': 'Pet Store'}"
Animals & Pets,Animal Health,The Oaks Veterinary Centre,www.oaksvetsbirmingham.co.uk,2.5,2.6,34,,Watford Road 87,Birmingham,B30 1NP,United States,http://www.oaksvetsbirmingham.co.uk,,,{'category_1_name': 'Veterinarian'}
Animals & Pets,Animal Health,Blackwatervets,blackwatervets.co.uk,2.5,2.6,19,,,,,United States,http://blackwatervets.co.uk,,,"{'category_1_name': 'Veterinarian', 'category_2_name': 'Pet Store'}"
Animals & Pets,Animal Health,Veterinarians.org,veterinarians.org,2.5,2.6,5,//s3-eu-west-1.amazonaws.com/tpd/screenshotlogo-domain/6316d46e3cccc47d457adbde/198x149.png,"2600 S Shore Blvd, Ste 302,", League City,77573-2944,United States,http://www.veterinarians.org,hello@veterinarians.org, 844-478-0303,{'category_1_name': 'Veterinarian'}
Animals & Pets,Animal Health,PetCoach,petcoach.co,2.5,2.5,7,,Butler Pike 2260,Plymouth Meeting,19462,United States,http://petcoach.co,,,"{'category_1_name': 'Veterinarian', 'category_2_name': 'Pet Store', 'category_3_name': 'Pet Supply Store'}"
Animals & Pets,Animal Health,Alta Vista Veterinary Hospital,www.altavistavet.com,2.5,2.5,5,//s3-eu-west-1.amazonaws.com/tpd/screenshots/5c01ea33e32b98000128e6e5/198x149.png,North 7th Avenue 4706,Phoenix,85013,United States,http://www.altavistavet.com,,,"{'category_1_name': 'Veterinarian', 'category_2_name': 'Animal Hospital'}"
Animals & Pets,Animal Health,Pypehayesvets,www.pypehayesvets.co.uk,2.5,2.5,5,,Chester Road 1066,Birmingham,B24 0SA,United States,http://www.pypehayesvets.co.uk,,,"{'category_1_name': 'Pet Store', 'category_2_name': 'Veterinarian'}"
Animals & Pets,Animal Health,Bravecto,bravecto.com,2.5,2.4,12,//s3-eu-west-1.amazonaws.com/tpd/screenshots/64d0bae822b65f06b6ea12d1/198x149.png,,,,United States,http://bravecto.com,,,"{'category_1_name': 'Pet Supply Store', 'category_2_name': 'Veterinarian', 'category_3_name': 'Pet Store'}"
Animals & Pets,Animal Health,Vetsforpets,www.vetsforpets.co.uk,2.5,2.3,98,,,,,United States,http://www.vetsforpets.co.uk,,,"{'category_1_name': 'Veterinarian', 'category_2_name': 'Pet Store'}"
Animals & Pets,Animal Health,Westway Vets,westway-vets.com,2.5,2.3,76,//s3-eu-west-1.amazonaws.com/tpd/screenshots/5e80d6cfd304470001f334f6/198x149.png,,York,YO26 4GB,United States,http://westway-vets.com,,,"{'category_1_name': 'Veterinarian', 'category_2_name': 'Animal Hospital', 'category_3_name': 'Emergency Veterinarian Service'}"
Animals & Pets,Animal Health,rowevetgroup.com,rowevetgroup.com,2.5,2.3,36,,,,,United States,http://rowevetgroup.com,,,"{'category_1_name': 'Emergency Veterinarian Service', 'category_2_name': 'Veterinarian', 'category_3_name': 'Animal Hospital'}"
Animals & Pets,Animal Health,Vetcoclinics,www.vetcoclinics.com,2.5,2.3,7,//s3-eu-west-1.amazonaws.com/tpd/screenshots/66253988260568f574205870/198x149.png,,,,United States,http://www.vetcoclinics.com,,,"{'category_1_name': 'Veterinarian', 'category_2_name': 'Animal Hospital', 'category_3_name': 'Emergency Veterinarian Service'}"
Animals & Pets,Animal Health,Blythwood Veterinary Group,www.blythwood.com,2.5,2.3,6,//s3-eu-west-1.amazonaws.com/tpd/screenshots/60a71a99961d18000147d1a3/198x149.png,,,,United States,http://www.blythwood.com,,,"{'category_1_name': 'Emergency Veterinarian Service', 'category_2_name': 'Veterinarian', 'category_3_name': 'Animal Hospital'}"
Animals & Pets,Animal Health,orivet.com,orivet.com,2,2.2,18,//s3-eu-west-1.amazonaws.com/tpd/screenshots/5fe7c3e2e2aa300001621ce4/198x149.png,,,,United States,http://orivet.com,,,"{'category_1_name': 'Veterinarian', 'category_2_name': 'Pet Store'}"
Animals & Pets,Animal Health,Wellpetskent,www.wellpetskent.co.uk,2,2.2,10,,,,,United States,http://www.wellpetskent.co.uk,,,"{'category_1_name': 'Pet Store', 'category_2_name': 'Veterinarian'}"
Animals & Pets,Animal Health,The Finchley Vet,thefinchleyvet.co.uk,2,2.2,8,//s3-eu-west-1.amazonaws.com/tpd/screenshots/5cf04134951de70001a65362/198x149.png,,,15679,United States,http://thefinchleyvet.co.uk,,,"{'category_1_name': 'Animal Shelter', 'category_2_name': 'Veterinarian', 'category_3_name': 'Pet Store', 'category_4_name': 'Emergency Veterinarian Service'}"
Animals & Pets,Animal Health,Gallant,gallant.com,2,2.1,20,//s3-eu-west-1.amazonaws.com/tpd/screenshots/5e012cd292d79000013c453f/198x149.png,"10865 ROAD TO THE CURE, Ste 101",San Diego,92121,United States,http://gallant.com,info@gallant.com,8554425526,{'category_1_name': 'Veterinarian'}
Animals & Pets,Animal Health,Vetpartners,vetpartners.com,2,2.1,11,,,,,United States,http://vetpartners.com,,,"{'category_1_name': 'Emergency Veterinarian Service', 'category_2_name': 'Veterinarian'}"
Animals & Pets,Animal Health,Findster,getfindster.com,2,2,172,//s3-eu-west-1.amazonaws.com/tpd/screenshotlogo-domain/5c46d25e5c7a190001984181/198x149.png,,,,United States,http://getfindster.com,support@getfindster.com,,"{'category_1_name': 'Emergency Veterinarian Service', 'category_2_name': 'Pet Store', 'category_3_name': 'Animal Control Service'}"
Animals & Pets,Animal Health,linnaeusgroup.co.uk,www.linnaeusgroup.co.uk,2,2,11,,,,,United States,http://www.linnaeusgroup.co.uk,,,"{'category_1_name': 'Emergency Veterinarian Service', 'category_2_name': 'Veterinarian', 'category_3_name': 'Animal Hospital'}"
Animals & Pets,Animal Health,VCA Animal Hospitals,vcahospitals.com,2,1.9,67,//s3-eu-west-1.amazonaws.com/tpd/screenshots/607d2e950a09e30001397f47/198x149.png,,,,United States,http://vcahospitals.com,,,"{'category_1_name': 'Pet Supply Store', 'category_2_name': 'Pet Store', 'category_3_name': 'Veterinarian', 'category_4_name': 'Emergency Veterinarian Service'}"
Animals & Pets,Animal Health,scottishspca.org,www.scottishspca.org,2,1.8,46,//s3-eu-west-1.amazonaws.com/tpd/screenshots/5fe23b8e2313c90001fd75d2/198x149.png,,,,United States,http://www.scottishspca.org,,,"{'category_1_name': 'Animal Shelter', 'category_2_name': 'Animal Protection Organization', 'category_3_name': 'Animal Rescue Service'}"
Animals & Pets,Animal Health,Wedgewood Pharmacy,wedgewoodpetrx.com,2,1.8,26,//s3-eu-west-1.amazonaws.com/tpd/screenshots/5c9910f342e6f30001df3ff7/198x149.png,Heron Drive 405,Swedesboro,08085,United States,http://wedgewoodpetrx.com,,,"{'category_1_name': 'Pet Store', 'category_2_name': 'Veterinary Pharmacy', 'category_3_name': 'Veterinarian'}"
Animals & Pets,Animal Health,VIP Petcare,vippetcare.com,1.5,1.6,89,//s3-eu-west-1.amazonaws.com/tpd/screenshots/5d1c5bb5af6b260001911ecf/198x149.png,Skylane Boulevard 5813,Windsor,95492,United States,http://vippetcare.com,,,"{'category_1_name': 'Pet Store', 'category_2_name': 'Veterinarian'}"
Animals & Pets,Animal Health,Vet Approved RX,www.vetapprovedrx.com,1.5,1.5,2714,//s3-eu-west-1.amazonaws.com/tpd/screenshots/5135e5830000640005236103/198x149.png,14677 Hwy 194,Oakland,38060,United States,http://vetapprovedrx.pharmacy/,info@vetapprovedrx.com,877-847-7389,"{'category_1_name': 'Pet Store', 'category_2_name': 'Veterinarian', 'category_3_name': 'Pharmacy', 'category_4_name': 'Hobby Store'}"
Animals & Pets,Animal Health,BluePearl Veterinary Partners,www.bluepearlvet.com,1.5,1.5,206,//s3-eu-west-1.amazonaws.com/tpd/screenshots/5ab2763811b5b5000197147d/198x149.png,Busch Lake Boulevard 2950,Tampa,33614,United States,http://www.bluepearlvet.com,,,"{'category_1_name': 'Animal Hospital', 'category_2_name': 'Emergency Veterinarian Service', 'category_3_name': 'Veterinarian'}"
Animals & Pets,Animal Health,Embark Veterinary,embarkvet.com,1.5,1.5,117,//s3-eu-west-1.amazonaws.com/tpd/screenshots/5cd9668fbaa2170001d22af3/198x149.png,Brazos Street 815a,Austin,78701,United States,http://embarkvet.com,,,"{'category_1_name': 'Veterinarian', 'category_2_name': 'Pet Store'}"
Animals & Pets,Animal Health,Vetsource.com,vetsource.com,1.5,1.5,71,//s3-eu-west-1.amazonaws.com/tpd/screenshots/6218ea9d57410b5d9ae61394/198x149.png,,,,United States,http://vetsource.com,,,"{'category_1_name': 'Veterinarian', 'category_2_name': 'Pet Store', 'category_3_name': 'Veterinary Pharmacy'}"
Animals & Pets,Animal Health,Myerscough Veterinary Group,myvets.co.uk,1.5,1.5,55,//s3-eu-west-1.amazonaws.com/tpd/screenshots/5e4c01769f19c600019901bd/198x149.png,Longsight Road,Clayton le Dale,BB2 7JA,United States,http://myvets.co.uk,,,"{'category_1_name': 'Pet Store', 'category_2_name': 'Emergency Veterinarian Service', 'category_3_name': 'Veterinarian'}"
Animals & Pets,Animal Health,AskVet,askvet.app,1.5,1.5,49,//s3-eu-west-1.amazonaws.com/tpd/screenshots/61a794baf5280b6951da30d7/198x149.png,"711 Center Dr, Ste 105-253",San Marcos,92069,United States,https://askvet.app,info@askvet.app,909-324-4287,"{'category_1_name': 'Emergency Veterinarian Service', 'category_2_name': 'Veterinarian', 'category_3_name': 'Pet Trainer', 'category_4_name': 'Animal Hospital'}"
Animals & Pets,Animal Health,Banfield Pet Hospital,www.banfield.com,1,1.2,539,//s3-eu-west-1.amazonaws.com/tpd/screenshots/58e507da0000ff00059fe72c/198x149.png,Northeast Tillamook Street 8000,Portland,97213,United States,http://www.banfield.com,,,"{'category_1_name': 'Veterinarian', 'category_2_name': 'Animal Hospital'}"
Animals & Pets,Animal Health,Zoetis,www.zoetis.com,1,1.2,146,//s3-eu-west-1.amazonaws.com/tpd/screenshots/5d1ca60d3300cb00015d6833/198x149.png,Sylvan Way 10,Parsippany-Troy Hills,07054,United States,http://www.zoetis.com,,,"{'category_1_name': 'Pet Store', 'category_2_name': 'Pet Supply Store', 'category_3_name': 'Veterinarian'}"
Animals & Pets,Animal Health,Aliso Viejo Animal Hospital,alisoviejovet.com,0,0,0,//s3-eu-west-1.amazonaws.com/tpd/screenshots/63925d9f40b116458553f26f/198x149.png,"23411 Aliso Viejo Pkwy, Suite A",Aliso Viejo,92656,United States,http://alisoviejovet.com,alisoviejovet@gmail.com,9494267700,"{'category_1_name': 'Veterinarian', 'category_2_name': 'Emergency Veterinarian Service'}"
Animals & Pets,Animal Health,dccpets.in,dccpets.in,0,0,0,//s3-eu-west-1.amazonaws.com/tpd/screenshotlogo-domain/6148a72079fad8001dc63289/198x149.png,"Jagdamba Farm, Carterpuri Marg, Sector 23A, Gurgaon, Haryana",Gurgaon,122016,United States,http://dccpets.in,info@dccpets.in,9311560101,"{'category_1_name': 'Pet Boarding Service', 'category_2_name': 'Animal Hospital'}"
Animals & Pets,Animal Health,Zoetispetcare,zoetispetcare.com,0,0,0,,,,,United States,http://zoetispetcare.com,,,"{'category_1_name': 'Pet Store', 'category_2_name': 'Pet Supply Store', 'category_3_name': 'Veterinarian'}"
Animals & Pets,Animal Health,nextmeapp.com,nextmeapp.com,0,0,0,//s3-eu-west-1.amazonaws.com/tpd/screenshotlogo-domain/60e5f0c4bb17b10001b46108/198x149.png,,Chicago,,United States,http://nextmeapp.com,hello@nextmeapp.com,877.639.8631,"{'category_1_name': 'Affiliate Marketing Service', 'category_2_name': 'Software Company', 'category_3_name': 'Restaurant', 'category_4_name': 'Software Vendor', 'category_5_name': 'Veterinarian', 'category_6_name': 'Cannabis store'}"
Animals & Pets,Animal Health,Vetcor,www.vetcor.com,0,0,0,//s3-eu-west-1.amazonaws.com/tpd/screenshots/67226462fec4d344e6df1017/198x149.png,,,,United States,http://www.vetcor.com,,,"{'category_1_name': 'Emergency Veterinarian Service', 'category_2_name': 'Veterinarian', 'category_3_name': 'Animal Hospital'}"
Animals & Pets,Animal Health,vitusvet.com,vitusvet.com,0,0,0,//s3-eu-west-1.amazonaws.com/tpd/screenshots/66f53e35f3776e76986a34c9/198x149.png,,,,United States,http://vitusvet.com,,,"{'category_1_name': 'Software Vendor', 'category_2_name': 'Veterinarian', 'category_3_name': 'Software Company'}"
Animals & Pets,Animal Health,Safari Veterinary Care Centers,safarivet.com,0,0,0,//s3-eu-west-1.amazonaws.com/tpd/screenshotlogo-domain/6752c8be4a42bb5131deef3e/198x149.png,"2402 Marina Bay Dr, ",League City,77573,United States,http://safarivet.com,frontdesk@safarivet.com,281 332 5612,{'category_1_name': 'Veterinarian'}
Animals & Pets,Animal Health,VetandTech,vetandtech.com,0,0,0,//s3-eu-west-1.amazonaws.com/tpd/screenshotlogo-domain/6221d99a9fa133f3be82cc26/198x149.png,,New York,,United States,http://vetandtech.com,,,{'category_1_name': 'Veterinarian'}
Animals & Pets,Animal Health,Pet Place,petplace.com,0,0,0,//s3-eu-west-1.amazonaws.com/tpd/screenshots/5d1f94b2f49a260001a6e69b/198x149.png,E High St 5450,Phoenix,85054,United States,http://petplace.com,,,"{'category_1_name': 'Veterinarian', 'category_2_name': 'Pet Supply Store', 'category_3_name': 'Pet Store'}"
Animals & Pets,Animal Health,Identipet,identipet.com,0,0,0,//s3-eu-west-1.amazonaws.com/tpd/screenshotlogo-domain/63ea1bbf696d6473b13cb884/198x149.png,,,,United States,http://identipet.com,,,"{'category_1_name': 'Emergency Veterinarian Service', 'category_2_name': 'Animal Protection Organization', 'category_3_name': 'Database Management Company', 'category_4_name': 'Animal Rescue Service'}"
Animals & Pets,Animal Health,Κτηνίατροι - Click to Vet,clicktovet.gr,0,0,0,//s3-eu-west-1.amazonaws.com/tpd/screenshotlogo-domain/66b5c3022281d804ef6f574f/198x149.png,,,,United States,http://clicktovet.gr,,,"{'category_1_name': 'Emergency Veterinarian Service', 'category_2_name': 'Veterinarian'}"
Animals & Pets,Animal Health,Care Pet Animal Hospital,carepetanimalhospital.com,0,0,0,//s3-eu-west-1.amazonaws.com/tpd/screenshotlogo-domain/647f8ab970edebc1c8cddbb0/198x149.png,13947 Beach Blvd Suite 105,Jacksonville,32224,United States,https://www.carepetanimalhospital.com,appointment@carepetanimalhospital.com,+19049921888,"{'category_1_name': 'Pet Groomer', 'category_2_name': 'Pet Sitter', 'category_3_name': 'Animal Hospital', 'category_4_name': 'Pet Boarding Service', 'category_5_name': 'Veterinarian', 'category_6_name': 'Emergency Veterinarian Service'}"
Animals & Pets,Animal Health,Homelove,homelove.com,0,0,0,//s3-eu-west-1.amazonaws.com/tpd/screenshots/6806831be1efba3380c967cc/198x149.png,,,,United States,http://homelove.com,support@homelove.com,,"{'category_1_name': 'Veterinarian', 'category_2_name': 'Pet Groomer'}"
Animals & Pets,Animal Health,missinglinkproducts.com,missinglinkproducts.com,0,0,0,//s3-eu-west-1.amazonaws.com/tpd/screenshots/5fdb974e3bec8c0001074517/198x149.png,,,,United States,http://missinglinkproducts.com,,,"{'category_1_name': 'Pet Supply Store', 'category_2_name': 'Pet Store', 'category_3_name': 'Veterinarian'}"
Animals & Pets,Animal Health,Wamiz,wamiz.com,0,0,0,//s3-eu-west-1.amazonaws.com/tpd/screenshots/60cb86ee1179e20001617a47/198x149.png,,,,United States,http://wamiz.com,,,"{'category_1_name': 'Pet Store', 'category_2_name': 'Pet Supply Store', 'category_3_name': 'Veterinarian'}"
Animals & Pets,Animal Health,petiq.com,petiq.com,0,0,0,//s3-eu-west-1.amazonaws.com/tpd/screenshots/64a286d4773d67e07559f952/198x149.png,,,,United States,http://petiq.com,,,"{'category_1_name': 'Veterinarian', 'category_2_name': 'Pet Supply Store', 'category_3_name': 'Pet Store'}"
Animals & Pets,Animal Health,dermagic.com,dermagic.com,0,0,0,//s3-eu-west-1.amazonaws.com/tpd/screenshots/5ff096b2a7f9a50001b4a169/198x149.png,,,,United States,http://dermagic.com,,,"{'category_1_name': 'Pet Supply Store', 'category_2_name': 'Pet Store', 'category_3_name': 'Veterinarian'}"
Animals & Pets,Animal Health,Americanhumane,www.americanhumane.org,0,0,0,//s3-eu-west-1.amazonaws.com/tpd/screenshots/65bb49162359d0687d52ef29/198x149.png,,,,United States,http://www.americanhumane.org,,,"{'category_1_name': 'Animal Shelter', 'category_2_name': 'Animal Rescue Service'}"
Animals & Pets,Animal Health,Sagecenters,sagecenters.com,0,0,0,,,,,United States,http://sagecenters.com,,,"{'category_1_name': 'Pet Boarding Service', 'category_2_name': 'Animal Hospital', 'category_3_name': 'Emergency Veterinarian Service'}"
Animals & Pets,Animal Health,vetstoria.com,vetstoria.com,0,0,0,//s3-eu-west-1.amazonaws.com/tpd/screenshots/60055a6b22fd1c00018301c1/198x149.png,,,,United States,http://vetstoria.com,,,"{'category_1_name': 'Veterinarian', 'category_2_name': 'Emergency Veterinarian Service'}"
Animals & Pets,Animal Health,calvetsupply.com,www.calvetsupply.com,0,0,0,//s3-eu-west-1.amazonaws.com/tpd/screenshots/60525f33b465b100016c6f7e/198x149.png,,,,United States,http://www.calvetsupply.com,,,"{'category_1_name': 'Pet Store', 'category_2_name': 'Veterinary Pharmacy', 'category_3_name': 'Veterinarian'}"
Animals & Pets,Animal Health,Dr Carol's Pets,www.drcarol.com,0,0,0,//s3-eu-west-1.amazonaws.com/tpd/screenshots/63ed31666c5dc26ae2635d19/198x149.png,,,,United States,http://www.drcarol.com,,,"{'category_1_name': 'Pet Store', 'category_2_name': 'Pet Supply Store', 'category_3_name': 'Veterinarian'}"
Animals & Pets,Animal Health,televet.com,televet.com,0,0,0,//s3-eu-west-1.amazonaws.com/tpd/screenshots/61e1d33fca16dbea8e97e754/198x149.png,,,,United States,http://televet.com,,,{'category_1_name': 'Veterinarian'}
Animals & Pets,Animal Health,Vet-Stem,vetstem.com,0,0,0,//s3-eu-west-1.amazonaws.com/tpd/screenshots/64ff45fa25ecf7dd85d96a99/198x149.png,,,,United States,http://vetstem.com,,,"{'category_1_name': 'Veterinarian', 'category_2_name': 'Pet Store'}"
Animals & Pets,Animal Health,Catanddogfirstaid,catanddogfirstaid.com,0,0,0,,,,,United States,http://catanddogfirstaid.com,,,"{'category_1_name': 'Veterinarian', 'category_2_name': 'Emergency Veterinarian Service', 'category_3_name': 'Pet Trainer'}"
Animals & Pets,Animal Health,Whitehousevets,whitehousevets.com,0,0,0,,,,,United States,http://whitehousevets.com,,,"{'category_1_name': 'Emergency Veterinarian Service', 'category_2_name': 'Veterinarian'}"
Animals & Pets,Animal Health,Voyce,voyce.com,0,0,0,//s3-eu-west-1.amazonaws.com/tpd/screenshots/668146b9341e07c64422f039/198x149.png,,,,United States,http://voyce.com,,,{'category_1_name': 'Veterinarian'}
Animals & Pets,Animal Health,Thedogtor,thedogtor.net,0,0,0,//s3-eu-west-1.amazonaws.com/tpd/screenshots/5d4a32abc531ca00012488be/198x149.png,,,,United States,http://thedogtor.net,,,{'category_1_name': 'Veterinarian'}
Animals & Pets,Animal Health,Strawbridge Animal Care,www.strawbridgeanimalcare.com,0,0,0,//s3-eu-west-1.amazonaws.com/tpd/screenshots/64ff449d60003ffc450a8f54/198x149.png,,,,United States,http://www.strawbridgeanimalcare.com,,,"{'category_1_name': 'Animal Hospital', 'category_2_name': 'Veterinarian'}"
Animals & Pets,Animal Health,Vetriscience.com,vetriscience.com,0,0,0,//s3-eu-west-1.amazonaws.com/tpd/screenshots/6071a3ea6348670001f9002f/198x149.png,,,,United States,http://vetriscience.com,,,"{'category_1_name': 'Pet Store', 'category_2_name': 'Pet Supply Store', 'category_3_name': 'Veterinarian'}"
Animals & Pets,Animal Health,Certifymypet,certifymypet.com,0,0,0,//s3-eu-west-1.amazonaws.com/tpd/screenshots/65bd261e63ca843643283213/198x149.png,,,,United States,http://certifymypet.com,,,"{'category_1_name': 'Veterinarian', 'category_2_name': 'Animal Hospital'}"
Animals & Pets,Animal Health,One Health,fidocure.com,0,0,0,//s3-eu-west-1.amazonaws.com/tpd/screenshots/650cb59596daca9624c10a89/198x149.png,,,,United States,http://fidocure.com,,,"{'category_1_name': 'Veterinarian', 'category_2_name': 'Veterinary Pharmacy'}"
Animals & Pets,Animal Health,Fellowes Farm,www.fellowesfarm.com,0,0,0,,,Abbots Ripton,PE28 2LL,United States,http://www.fellowesfarm.com,,,"{'category_1_name': 'Animal Hospital', 'category_2_name': 'Veterinarian', 'category_3_name': 'Emergency Veterinarian Service'}"
Animals & Pets,Animal Health,anicuragroup.com,www.anicuragroup.com,0,0,0,//s3-eu-west-1.amazonaws.com/tpd/screenshots/609bfe199af6c30001dd700a/198x149.png,,,,United States,http://www.anicuragroup.com,,,"{'category_1_name': 'Veterinarian', 'category_2_name': 'Animal Hospital'}"
Animals & Pets,Animal Health,Greeneanimal,www.greeneanimal.com,0,0,0,//s3-eu-west-1.amazonaws.com/tpd/screenshots/60cb3d1b5cbc7a000118c81c/198x149.png,,,,United States,http://www.greeneanimal.com,,,"{'category_1_name': 'Veterinarian', 'category_2_name': 'Animal Hospital'}"
Animals & Pets,Animal Health,airvet.com,airvet.com,0,0,0,//s3-eu-west-1.amazonaws.com/tpd/screenshots/613a195ac1f260001e076b35/198x149.png,,,,United States,http://airvet.com,,,{'category_1_name': 'Veterinarian'}
Animals & Pets,Animal Health,GoodVets,good-vets.com,0,0,0,//s3-eu-west-1.amazonaws.com/tpd/screenshots/6440354e62eb9c64aaae4fb4/198x149.png,,,,United States,http://good-vets.com,,,"{'category_1_name': 'Veterinarian', 'category_2_name': 'Emergency Veterinarian Service'}"
Animals & Pets,Animal Health,petstopclinic.com,petstopclinic.com,0,0,0,//s3-eu-west-1.amazonaws.com/tpd/screenshots/61a59c167f15887ca7dc0c99/198x149.png,,,,United States,http://petstopclinic.com,,,{'category_1_name': 'Veterinarian'}
Animals & Pets,Animal Health,armoranimalhealth.com,www.armoranimalhealth.com,0,0,0,//s3-eu-west-1.amazonaws.com/tpd/screenshots/64f842a7b52dc07af87eed13/198x149.png,,,,United States,http://www.armoranimalhealth.com,,,{'category_1_name': 'Veterinarian'}
Animals & Pets,Animal Health,Getvetted,getvetted.io,0,0,0,,,,,United States,http://getvetted.io,,,{'category_1_name': 'Veterinarian'}
Animals & Pets,Animal Health,Zippy Calc,zippycalc.com,0,0,0,,123 Main,Charlote,28210,United States,http://zippycalc.com,Contact@zippycalc.com,,{'category_1_name': 'Animal Watering Hole'}
Animals & Pets,Animal Health,Birmingham Animal Hospital + Resort,birminghamanimalhospital.com,0,0,0,//s3-eu-west-1.amazonaws.com/tpd/screenshotlogo-domain/62cc9879af09f1edcf1e0457/198x149.png,2316 1st Ave S,Birmingham,35233,United States,http://birminghamanimalhospital.com,"Reception""BirminghamAnimalHospital.com",2054066710,{'category_1_name': 'Veterinarian'}
Animals & Pets,Animal Health,Shihtzus N Giggles,shihtzusngiggles.com,0,0,0,//s3-eu-west-1.amazonaws.com/tpd/screenshotlogo-domain/612cf7f0bfe83e001dd51be0/198x149.png,63 River Rd SE,Belville,28451,United States,http://shihtzusngiggles.com,info@shihtzusngiggles.com,,{'category_1_name': 'Animal Rescue Service'}
Animals & Pets,Animal Health,Tribeofunicorn,tribeofunicorn.com,0,0,0,//s3-eu-west-1.amazonaws.com/tpd/screenshotlogo-domain/661558d06cc3aa260a781c68/198x149.png,2001 Hessian Road,Charlottesville ,22903,United States,http://tribeofunicorn.com,info@tribeofunicorn.com,+1 434 532 4731,{'category_1_name': 'Animal Shelter'}
Animals & Pets,Animal Health,ESA Doggy,esadoggy.com,0,0,0,//s3-eu-west-1.amazonaws.com/tpd/screenshots/5cd46709c6d1db00015601eb/198x149.png,N Federal Hwy 980,Boca Raton,33432,United States,http://esadoggy.com,,,{'category_1_name': 'Veterinarian'}
Animals & Pets,Animal Health,Animal Care Technologies,4act.com,0,0,0,//s3-eu-west-1.amazonaws.com/tpd/screenshots/5d7ab79ad22faf0001b7b323/198x149.png,Hartlee Field Road 2701,Denton,76208,United States,http://4act.com,,,"{'category_1_name': 'Animal Hospital', 'category_2_name': 'Veterinarian'}"
Animals & Pets,Animal Health,Caninekidneyhealth,caninekidneyhealth.com,0,0,0,,,,,United States,http://caninekidneyhealth.com,,,"{'category_1_name': 'Pet Supply Store', 'category_2_name': 'Veterinarian', 'category_3_name': 'Pet Store'}"
Animals & Pets,Animal Health,China Frontline,uk.frontline.com,0,0,0,//s3-eu-west-1.amazonaws.com/tpd/screenshots/6202842da6431d1af9fd7d2a/198x149.png,,,,United States,http://uk.frontline.com,,,"{'category_1_name': 'Pet Supply Store', 'category_2_name': 'Pet Store', 'category_3_name': 'Veterinarian'}"
Animals & Pets,Animal Health,petMD,petmd.com,0,0,0,//s3-eu-west-1.amazonaws.com/tpd/screenshots/5d07ce87b0ca8300012f22b9/198x149.png,Butler Pike 2260,Plymouth Meeting,19462,United States,http://petmd.com,,,"{'category_1_name': 'Animal Hospital', 'category_2_name': 'Veterinarian', 'category_3_name': 'Pet Store'}"
Animals & Pets,Animal Health,topdoghealth.com,topdoghealth.com,0,0,0,//s3-eu-west-1.amazonaws.com/tpd/screenshots/61a7e5657b1ebe1c9a3adec4/198x149.png,,,,United States,http://topdoghealth.com,,,"{'category_1_name': 'Pet Supply Store', 'category_2_name': 'Pet Store', 'category_3_name': 'Veterinarian'}"
Animals & Pets,Animal Health,Pipestone Veterinary Clinic,pipevet.com,0,0,0,//s3-eu-west-1.amazonaws.com/tpd/screenshots/641d156c32bc3e5e9653bea3/198x149.png,,,,United States,http://pipevet.com,,,"{'category_1_name': 'Pet Store', 'category_2_name': 'Veterinarian', 'category_3_name': 'Pet Supply Store'}"
Animals & Pets,Animal Health,VETCBD,vetcbd.com,0,0,0,//s3-eu-west-1.amazonaws.com/tpd/screenshots/5e67ba1c99d8f60001e9a7fb/198x149.png,,,,United States,http://vetcbd.com,,,"{'category_1_name': 'Pet Store', 'category_2_name': 'Veterinarian', 'category_3_name': 'Pet Supply Store'}"
Animals & Pets,Animal Health,fidotek.com,fidotek.com,0,0,0,//s3-eu-west-1.amazonaws.com/tpd/screenshots/61deb1771373543978c3f0f7/198x149.png,,,,United States,http://fidotek.com,,,"{'category_1_name': 'Pet Store', 'category_2_name': 'Veterinarian', 'category_3_name': 'Pet Supply Store'}"
Animals & Pets,Animal Health,aussievetproducts.com.au,aussievetproducts.com.au,0,0,0,,,,,United States,http://aussievetproducts.com.au,,,"{'category_1_name': 'Pet Store', 'category_2_name': 'Veterinarian'}"
Animals & Pets,Animal Health,dallaspetsalive.org,dallaspetsalive.org,0,0,0,//s3-eu-west-1.amazonaws.com/tpd/screenshots/6034aff86bc1da00018c1bf1/198x149.png,,,,United States,http://dallaspetsalive.org,,,"{'category_1_name': 'Pet Adoption Service', 'category_2_name': 'Animal Shelter', 'category_3_name': 'Animal Rescue Service'}"
Animals & Pets,Animal Health,DogsInDanger,dogsindanger.com,0,0,0,//s3-eu-west-1.amazonaws.com/tpd/screenshots/63bab7eb24726cf4db8993f2/198x149.png,,,,United States,http://dogsindanger.com,,,{'category_1_name': 'Animal Shelter'}
Animals & Pets,Animal Health,Nutramax Laboratories,www.nutramaxlabs.com,0,0,0,//s3-eu-west-1.amazonaws.com/tpd/screenshots/641b10acc818374a5bbada96/198x149.png,,,,United States,http://www.nutramaxlabs.com,,,"{'category_1_name': 'Pet Store', 'category_2_name': 'Pet Supply Store', 'category_3_name': 'Animal Feed Store', 'category_4_name': 'Veterinarian'}"
Animals & Pets,Animal Health,Vet24seven,ask.vet,0,0,0,//s3-eu-west-1.amazonaws.com/tpd/screenshots/5dc174fae5d7ee000179d006/198x149.png,Cuesta Drive 809,Mountain View,94040,United States,http://ask.vet,,,"{'category_1_name': 'Veterinarian', 'category_2_name': 'Emergency Veterinarian Service'}"
Animals & Pets,Animal Health,vetcove.com,www.vetcove.com,0,0,0,//s3-eu-west-1.amazonaws.com/tpd/screenshots/600120b5789b640001832a54/198x149.png,,,,United States,http://www.vetcove.com,,,"{'category_1_name': 'Pet Supply Store', 'category_2_name': 'Veterinarian'}"
Animals & Pets,Animal Health,bondvet.com,bondvet.com,0,0,0,//s3-eu-west-1.amazonaws.com/tpd/screenshots/5fd80068d5b3550001072c8a/198x149.png,,,,United States,http://bondvet.com,,,"{'category_1_name': 'Animal Hospital', 'category_2_name': 'Veterinarian', 'category_3_name': 'Emergency Veterinarian Service'}"
Animals & Pets,Animal Health,Americansupportanimals,americansupportanimals.com,0,0,0,,,,,United States,http://americansupportanimals.com,,,"{'category_1_name': 'Animal Hospital', 'category_2_name': 'Veterinarian'}"
Animals & Pets,Animal Health,Forest Veterinary Centre,www.forestvets.com,0,0,0,//s3-eu-west-1.amazonaws.com/tpd/screenshots/66297cc2a99b628e5726ff9c/198x149.png,,,,United States,http://www.forestvets.com,,,"{'category_1_name': 'Veterinarian', 'category_2_name': 'Emergency Veterinarian Service', 'category_3_name': 'Animal Hospital'}"
Animals & Pets,Animal Health,vetplusglobal.com,vetplusglobal.com,0,0,0,//s3-eu-west-1.amazonaws.com/tpd/screenshots/601966382bc7cf00018d9ba1/198x149.png,,,,United States,http://vetplusglobal.com,,,"{'category_1_name': 'Veterinarian', 'category_2_name': 'Pet Store'}"
Animals & Pets,Animal Health,thrivevet.com,www.thrivevet.com,0,0,0,//s3-eu-west-1.amazonaws.com/tpd/screenshots/6027f9ede130a90001b973f6/198x149.png,,,,United States,http://www.thrivevet.com,,,"{'category_1_name': 'Veterinarian', 'category_2_name': 'Animal Hospital'}"
Animals & Pets,Animal Health,Cityvet,www.cityvet.com,0,0,0,//s3-eu-west-1.amazonaws.com/tpd/screenshots/65b527e80379bc806ef188bf/198x149.png,,,,United States,http://www.cityvet.com,,,"{'category_1_name': 'Emergency Veterinarian Service', 'category_2_name': 'Animal Hospital', 'category_3_name': 'Veterinarian'}"
Animals & Pets,Animal Health,ardentanimalhealth.com,ardentanimalhealth.com,0,0,0,//s3-eu-west-1.amazonaws.com/tpd/screenshots/6054cbf013e56d0001f3bbfa/198x149.png,,,,United States,http://ardentanimalhealth.com,,,"{'category_1_name': 'Animal Rescue Service', 'category_2_name': 'Veterinarian'}"
Animals & Pets,Animal Health,Veterinairepetcare,veterinairepetcare.com,0,0,0,//s3-eu-west-1.amazonaws.com/tpd/screenshots/670f9cdba66db548f75b01a1/198x149.png,,,,United States,http://veterinairepetcare.com,,,"{'category_1_name': 'Animal Hospital', 'category_2_name': 'Emergency Veterinarian Service', 'category_3_name': 'Veterinarian'}"
Animals & Pets,Animal Health,Vegaveteriner,vegaveteriner.com,0,0,0,//s3-eu-west-1.amazonaws.com/tpd/screenshots/6649300532a42964cd0a1182/198x149.png,,,,United States,http://vegaveteriner.com,,,"{'category_1_name': 'Veterinarian', 'category_2_name': 'Emergency Veterinarian Service', 'category_3_name': 'Veterans Hospital'}"
Animals & Pets,Animal Health,Sunshine Pet Hospital,sunshinepethospital.com,0,0,0,//s3-eu-west-1.amazonaws.com/tpd/screenshotlogo-domain/62090451f8c2dd25000c0218/198x149.png,"3450 Montgomery Rd unit 14, Aurora, IL 60504",Aurora Il,60504,United States,https://sunshinepethospital.com,info@sunshinepethospital.com,(630) 340-3443,"{'category_1_name': 'Emergency Veterinarian Service', 'category_2_name': 'Veterinarian', 'category_3_name': 'Animal Hospital', 'category_4_name': 'Veterinary Pharmacy'}"
Animals & Pets,Animal Health,shotvet.com,shotvet.com,0,0,0,//s3-eu-west-1.amazonaws.com/tpd/screenshots/6594b87d9a973559daad3307/198x149.png,,,,United States,http://shotvet.com,,,{'category_1_name': 'Veterinarian'}
Animals & Pets,Animal Health,banfield.com,shop.banfield.com,0,0,0,//s3-eu-west-1.amazonaws.com/tpd/screenshots/60ec74f2fffceb0001addd8c/198x149.png,,,,United States,http://shop.banfield.com,,,"{'category_1_name': 'Pet Store', 'category_2_name': 'Pet Supply Store', 'category_3_name': 'Animal Hospital', 'category_4_name': 'Veterinarian'}"
Animals & Pets,Animal Health,vetpetbox.com,vetpetbox.com,0,0,0,//s3-eu-west-1.amazonaws.com/tpd/screenshots/5ffe03fd6c9e5f0001efc3eb/198x149.png,,,,United States,http://vetpetbox.com,,,"{'category_1_name': 'Pet Store', 'category_2_name': 'Veterinarian', 'category_3_name': 'Pet Supply Store'}"
Animals & Pets,Animal Health,East Hill Animal Hospital,easthillanimalhospital.com,0,0,0,//s3-eu-west-1.amazonaws.com/tpd/screenshots/620bf4b8980a420d67597675/198x149.png,805 East Gadsden Street,Pensacola,32501-4071,United States,https://easthillanimalhospital.com,reception@easthillanimalhospital.com,(850) 437-9932,"{'category_1_name': 'Kennel', 'category_2_name': 'Animal Hospital', 'category_3_name': 'Veterinarian', 'category_4_name': 'Pet Groomer'}"
Animals & Pets,Animal Health,"Oasis Sanctuary Foundation, LLC",the-oasis.org,0,0,0,//s3-eu-west-1.amazonaws.com/tpd/screenshotlogo-domain/6303ee0bd91f330bb8097433/198x149.png,5411 North Teran Road,Benson,85602-8327,United States,http://the-oasis.org,,,"{'category_1_name': 'Animal Protection Organization', 'category_2_name': 'Animal Rescue Service', 'category_3_name': 'Animal Shelter'}"
Animals & Pets,Animal Health,Greater Birmingham Humane Society,gbhs.org,0,0,0,//s3-eu-west-1.amazonaws.com/tpd/screenshotlogo-domain/6532aafd1a296d06170f0eb3/198x149.png,300 Snow Drive,Birmingham,35209,United States,http://gbhs.org,marketing@gbhs.org,2059421112,"{'category_1_name': 'Non-Profit Organization', 'category_2_name': 'Animal Shelter'}"
Animals & Pets,Animal Health,akcreunite.org,akcreunite.org,0,0,0,//s3-eu-west-1.amazonaws.com/tpd/screenshots/60e76ed9486c220001821b0e/198x149.png,,,,United States,http://akcreunite.org,,,{'category_1_name': 'Animal Rescue Service'}
Animals & Pets,Animal Health,Vetranks,vetranks.com,0,0,0,//s3-eu-west-1.amazonaws.com/tpd/screenshotlogo-domain/63ffafb736a7240c56e65600/198x149.png,288 Hawthorn Village Commons,Vernon Hills,60061,United States,https://vetranks.com,support@vetranks.com,,"{'category_1_name': 'Veterinarian', 'category_2_name': 'Veterinary Pharmacy', 'category_3_name': 'Emergency Veterinarian Service', 'category_4_name': 'Pet Groomer', 'category_5_name': 'Pet Trainer', 'category_6_name': 'Pet Boarding Service'}"
Animals & Pets,Animal Health,Warrick County Lost Pets,warrickcountylostpets.square.site,0,0,0,//s3-eu-west-1.amazonaws.com/tpd/screenshotlogo-domain/649f658a3d096b5ceb098d6e/198x149.png,410 S Vine St,Boonville,47601-1756,United States,http://warrickcountylostpets.square.site,jgruzard@gmail.com,,"{'category_1_name': 'Clothing Store', 'category_2_name': 'Animal Rescue Service', 'category_3_name': 'Home Goods Store'}"
Animals & Pets,Animal Health,Service Animal / ESA,registermyserviceanimal.com,0,0,0,//s3-eu-west-1.amazonaws.com/tpd/screenshots/5d122e7bc1bb2e00011dfb11/198x149.png,North 79th Street 33611,Scottsdale,85266,United States,http://registermyserviceanimal.com,,,"{'category_1_name': 'Veterinarian', 'category_2_name': 'Pet Store'}"
Animals & Pets,Animal Health,wildliferx.com,wildliferx.com,0,0,0,//s3-eu-west-1.amazonaws.com/tpd/screenshots/62e97c1186e48b7c5035e32e/198x149.png,,,,United States,http://wildliferx.com,,,"{'category_1_name': 'Veterinarian', 'category_2_name': 'Pet Supply Store', 'category_3_name': 'Pet Store'}"
Animals & Pets,Animal Health,PetMart Pharmacy,petmartpharmacy.com,0,0,0,,,,,United States,http://petmartpharmacy.com,,,"{'category_1_name': 'Pet Store', 'category_2_name': 'Veterinarian', 'category_3_name': 'Pet Supply Store'}"
Animals & Pets,Animal Health,Fuzzy,fuzzy.com,0,0,0,//s3-eu-west-1.amazonaws.com/tpd/screenshots/62c6c5d0c3389f62ba8db48b/198x149.png,,,,United States,http://fuzzy.com,,,"{'category_1_name': 'Veterinarian', 'category_2_name': 'Animal Hospital', 'category_3_name': 'Pet Store', 'category_4_name': 'Pet Supply Store'}"
Animals & Pets,Animal Health,Vetproductsdirect,www.vetproductsdirect.com,0,0,0,,,,,United States,http://www.vetproductsdirect.com,,,"{'category_1_name': 'Pet Store', 'category_2_name': 'Veterinarian', 'category_3_name': 'Pet Supply Store'}"
Animals & Pets,Animal Health,OrthoPets V-OP,orthopets.com,0,0,0,//s3-eu-west-1.amazonaws.com/tpd/screenshots/5c9d2e73164d370001825544/198x149.png,West 124th Avenue 1130,Westminster,80234,United States,http://orthopets.com,,,"{'category_1_name': 'Veterinarian', 'category_2_name': 'Pet Store', 'category_3_name': 'Pet Supply Store'}"
Animals & Pets,Animal Health,Animal Care Equipment and Services,animal-care.com,0,0,0,//s3-eu-west-1.amazonaws.com/tpd/screenshots/6285aa88a27c4e6ec9003a08/198x149.png,,,,United States,http://animal-care.com,,,"{'category_1_name': 'Veterinarian', 'category_2_name': 'Pet Store'}"
Animals & Pets,Animal Health,Reunite.Pet,reunite.pet,0,0,0,//s3-eu-west-1.amazonaws.com/tpd/screenshots/607f20d953a01100019106ec/198x149.png,,,,United States,https://www.reunite.pet/,support@reunite.pet,,{'category_1_name': 'Animal Rescue Service'}
Animals & Pets,Animal Health,One Vet,onevet.ai,0,0,0,//s3-eu-west-1.amazonaws.com/tpd/screenshots/61b229bb0569c81e83c9e0ac/198x149.png,2600 South Shore Blvd,League City,77573,United States,https://www.onevet.ai,hello@onevet.ai,844-531-0203,{'category_1_name': 'Veterinarian'}
Animals & Pets,Animal Health,Drtail,www.drtail.us,0,0,0,,,,,United States,http://www.drtail.us,,,{'category_1_name': 'Veterinarian'}
Animals & Pets,Animal Health,petnostics.com,petnostics.com,0,0,0,//s3-eu-west-1.amazonaws.com/tpd/screenshots/60148b51a2a7b100013cb7f5/198x149.png,,,,United States,http://petnostics.com,,,"{'category_1_name': 'Veterinarian', 'category_2_name': 'Pet Store'}"
Animals & Pets,Animal Health,www.keebovet.com,keebovet.com,0,0,0,//s3-eu-west-1.amazonaws.com/tpd/screenshots/6010accb7ae9090001755bf1/198x149.png,,,,United States,http://keebovet.com,,,"{'category_1_name': 'Veterinarian', 'category_2_name': 'Medical Supply Store', 'category_3_name': 'Pet Store'}"
Animals & Pets,Animal Health,telepaws.com,telepaws.com,0,0,0,,,,,United States,http://telepaws.com,,,"{'category_1_name': 'Animal Hospital', 'category_2_name': 'Emergency Veterinarian Service', 'category_3_name': 'Veterinarian'}"
Animals & Pets,Animal Health,cathcartandwinn.com,www.cathcartandwinn.com,0,0,0,//s3-eu-west-1.amazonaws.com/tpd/screenshots/62e9403ca29894a46e2649da/198x149.png,,,,United States,http://www.cathcartandwinn.com,,,"{'category_1_name': 'Animal Hospital', 'category_2_name': 'Emergency Veterinarian Service', 'category_3_name': 'Veterinarian'}"
Animals & Pets,Animal Health,Perpetuate,www.perpetuate.net,0,0,0,//s3-eu-west-1.amazonaws.com/tpd/screenshots/664fc952e2a7c21f753354e3/198x149.png,,,,United States,http://www.perpetuate.net,,,"{'category_1_name': 'Pet Store', 'category_2_name': 'Veterinarian'}"
Animals & Pets,Animal Health,VetLIVE,vetlive.com,0,0,0,//s3-eu-west-1.amazonaws.com/tpd/screenshots/5e54064b7170470001dc8533/198x149.png,,,,United States,http://vetlive.com,,,"{'category_1_name': 'Veterinarian', 'category_2_name': 'Animal Hospital', 'category_3_name': 'Emergency Veterinarian Service'}"
Animals & Pets,Animal Health,boulderholisticvet.com,boulderholisticvet.com,0,0,0,//s3-eu-west-1.amazonaws.com/tpd/screenshots/63765b4c1fbc10ed985be54d/198x149.png,,,,United States,http://boulderholisticvet.com,,,"{'category_1_name': 'Veterinarian', 'category_2_name': 'Pet Store', 'category_3_name': 'Animal Hospital'}"
Animals & Pets,Animal Health,getpawprint.com,getpawprint.com,0,0,0,//s3-eu-west-1.amazonaws.com/tpd/screenshots/62c6b3b101d8389cff5ab7b5/198x149.png,,,,United States,http://getpawprint.com,,,"{'category_1_name': 'Veterinarian', 'category_2_name': 'Emergency Veterinarian Service', 'category_3_name': 'Pet Store'}"
Animals & Pets,Animal Health,Felcana,felcana.com,0,0,0,//s3-eu-west-1.amazonaws.com/tpd/screenshots/60108fcca29ba90001d80658/198x149.png,,,,United States,http://felcana.com,,,"{'category_1_name': 'Veterinarian', 'category_2_name': 'Pet Store'}"
Animals & Pets,Animal Health,vetalia.com,vetalia.com,0,0,0,//s3-eu-west-1.amazonaws.com/tpd/screenshots/605c4667abff3c000156925e/198x149.png,,,,United States,http://vetalia.com,,,"{'category_1_name': 'Veterinarian', 'category_2_name': 'Emergency Veterinarian Service'}"
Animals & Pets,Animal Health,myanimals.com,myanimals.com,0,0,0,//s3-eu-west-1.amazonaws.com/tpd/screenshots/622f3571d911be0d9f29234e/198x149.png,,,,United States,http://myanimals.com,,,"{'category_1_name': 'Veterinarian', 'category_2_name': 'Pet Supply Store', 'category_3_name': 'Pet Store'}"
Animals & Pets,Animal Health,virbac.com,virbac.com,0,0,0,//s3-eu-west-1.amazonaws.com/tpd/screenshots/5fc4f14caebbd30001f9e88f/198x149.png,,,,United States,http://virbac.com,,,"{'category_1_name': 'Veterinarian', 'category_2_name': 'Pet Supply Store', 'category_3_name': 'Pet Store'}"
Animals & Pets,Animal Health,Animal Aid Unlimited,animalaidunlimited.org,0,0,0,//s3-eu-west-1.amazonaws.com/tpd/screenshots/62f4f4ea77ac38bef0f5271a/198x149.png,,,,United States,http://animalaidunlimited.org,,,{'category_1_name': 'Animal Shelter'}
Animals & Pets,Animal Health,cptas.com,cptas.com,0,0,0,,,,,United States,http://cptas.com,,,"{'category_1_name': 'Pet Store', 'category_2_name': 'Veterinarian', 'category_3_name': 'Pet Trainer'}"
Animals & Pets,Animal Health,Emotional Support Animal Co.,www.emotionalsupportanimalco.com,0,0,0,//s3-eu-west-1.amazonaws.com/tpd/screenshots/6075697c14ae9f0001d781ed/198x149.png,,,,United States,http://www.emotionalsupportanimalco.com,,,"{'category_1_name': 'Animal Rescue Service', 'category_2_name': 'Pet Adoption Service', 'category_3_name': 'Animal Control Service', 'category_4_name': 'Pet Trainer'}"
